author,link,date,complete_text,share_count,comment_count,reaction_count
Wayne Ong Chun Wei,https://www.facebook.com/permalink.php?story_fbid=pfbid0kbXktXyj5vTJymKESnNFf9fhjK9B35eujyhaZfpkkoMpm5Gc2wWnFcCwE82dCcpcl&id=100095001407478&__tn__=%2CO,2023-08-13 22:09:00,"Reentering Sungai Chua, Batu 11, and Kg Baru Balakong with a different role and greater responsibility. Thank you for all the support. I am now eager to begin my work.
å†æ¬¡è¿›å…¥é”¡ç±³å±±ã€è•‰èµ–11é‡Œå’Œæ— æ‹‰æ¸¯æ–°æ‘ï¼Œè¿™æ¬¡èº«ä»½ä¸åŒäº†ï¼Œè´£ä»»é‡å¤§äº†ã€‚è°¢è°¢é€‰æ°‘çš„æ”¯æŒï¼Œç°åœ¨å·²ç»æƒ³å¼€å§‹å·¥ä½œäº†ã€‚
ç‹ä¿Šä¼Ÿï¼šå¯»ç­–è§£æ°‘å›° é¦–è®¡åˆ’ è®¿åŠ å½±å¸‚ä¼š
https://kl.chinapress.com.my/?p=1485374
ç‹ä¿Šä¼Ÿï¼šå³èµ·æŠ•å…¥æœåŠ¡   ä¸€è§†åŒä»å¯¹å¾…å„æ—é€‰æ°‘ https://www.sinchew.com.my/?p=4906733
#BalakongAdaOng
",16 comments,4 shares,"{'Like': 119, 'Love': 7}"
Wayne Ong Chun Wei,https://www.facebook.com/permalink.php?story_fbid=pfbid02B3qqNaiopWx72ZpeDP4SvJKAqe2ic2fB7nWpkKvkWZFpnxEsMVz4kdECD1e7iN5hl&id=100095001407478&__cft__[0]=AZV1cglZZmpQnJtjxqRlJS7JrAE6U44u0DJY8T0NMHen5lc6NARcZDcivRXOYyMtGLWz5XEQoPVcJZr26NotFogIAbydx8eYnD7I2o5tJ1494by_pUy2hS2JzpEYc6yPzrz-MEW_3-9ILQZ8nhpiqHYdBZlMzcs_QQ0dclYDpT_MmvjW0zHm4C91vtCNePn9ucQ&__tn__=%2CO%2CP-R,2023-08-23 13:52:00,"(English below)
åŠ å½±å¸ˆçˆ·å®®åº†ç¥å››å¸ˆçˆ·åƒç§‹å®è¯ï¼Œæˆ‘ä¹˜æ­MRTå»å‡‘çƒ­é—¹ã€‚è¿™åº§æ‹¥æœ‰126å¹´çš„å¸ˆçˆ·å®®ä¸åªæ˜¯è†œæ‹œåœºæ‰€ï¼Œåº™æœ¬èº«å°±æ˜¯éå¸¸æœ‰æ–‡åŒ–ä»·å€¼çš„å®ï¼Œåœ¨æ–°æ—¶ä»£ä¸æ–­æ¨é™ˆå‡ºæ–°ä¹‹æ—¶ï¼Œç†äº‹ä»¬ä¸ä½†åšå®ˆä¼ æ‰¿æ–‡åŒ–çš„ä½¿å‘½ï¼Œæ›´ä¸æ–­åœ°å¯»æ±‚çªç ´ï¼Œå¸Œæœ›å¹´è½»ä¸€ä»£æ¥è§¦åˆ°åäººçš„ä¼ ç»Ÿæ–‡åŒ–ã€‚
å¸ˆçˆ·å®®æ¯—é‚»å°±æœ‰MRTï¼Œæš‚åˆ«è¯´æœ‰æ½œåŠ›æˆä¸ºæ¸¸å®¢åˆ°æ­¤ä¸€è§ˆçš„èƒœåœ°ï¼Œå› ä¸ºæ–¹ä¾¿ä¹‹æï¼Œå¤§å®¶ä½•ä¸èµ°ä¸€è¶Ÿï¼Ÿ
I visited Shen Sze Yar Temple to celebrate its anniversary by taking the MRT, thanks to its convenient location.
With a 126-year history, the temple is more than a place of worship; it also holds cultural value in Kajang. The committee aims to uphold cultural heritage and foster innovation, exposing the younger generation to traditional Chinese culture.
Its accessibility and potential as a tourist attraction make it a must-visit.
",2 shares,N/A,{'Like': 109}
Wayne Ong Chun Wei,https://www.facebook.com/permalink.php?story_fbid=pfbid02mjvtAXxY6pADPpYgRp3atUESfmGanRqLsJ51Yge5eSvk5HfJatb8xDjSWAJgvACRl&id=100095001407478&__cft__[0]=AZW3_BhnT7ew02DXdEh6vdFDT2opiKOPyxbxp6rEg5RqMHn0xbWQTz5TWQ-HkE2YSFv1hMda-lcrjQa2fWL77hRWLScanCfE-qoXndfuOfOmQ09x1hs5d_hu-Qm4jGCE8zjmYaeJkAJwRr_3u6pVXv79Sd7zVro-civ_9iuCXtF1eI2gLxsAw3AIGF1bpNUr7cY&__tn__=%2CO%2CP-R,2023-08-22 13:52:19,"Around the flower arrangement program organized by KKI DUN Balakong. A good initiative to utilize mothers' free time with various skills.
#BalakongAdaOng
",5 shares,N/A,{'Like': 43}
Wayne Ong Chun Wei,https://www.facebook.com/permalink.php?story_fbid=pfbid0Yz995eeGvEf7TeypaQDhDi9XoeqqtQejLtYfcCFtEukduQTZGNhepdveB2sXExbol&id=100095001407478&__cft__[0]=AZU1coOgdJ4D4Uontcsnjdrf0zmO6aApIhnGg-4S8Yf9mjYANh6zv-Kn6KvVRyewWoHK5Ec3sqgUpCgIf558iQqZT0tG4TkyUga4XFLrY-R1YbWIFAuBbzv21YyEYBbIO6dUeG2sAgt_LFlQNtKfKr2-LKuKXpF5Z8acOGxQw7tQ5D-48Y2UxlzEjQTpbXs-eVQ&__tn__=%2CO%2CP-R,2023-08-21 13:52:38,"Susulan berlakunya air bertakung di Jalan Pekan Batu 11 akibat hujan lebat pada minggu yang lalu, satu lawatan tapak bersama pihak MPKJ, wakil KDEB serta wakil pemaju telah diadakan untuk mendalami cara-cara penyelesaian bagi mengelakkan banjir pada musim hujan ini.
Pembersihan longkang akan dilaksanakan. Kajian semula terhadap reka bentuk sistem perparitan sedia ada turut akan dijalankan.
è•‰èµ–11é‡Œå¤§è¡—ä¸Šå‘¨ä¸‹åˆå› ä¸ºä¸€åœºè±ªé›¨å¯¼è‡´è¡—é“ç§¯æ°´ï¼Œæˆ‘æ¥è·æ¶ˆæ¯åæ—¥å‰å¬é›†åŠ å½±å¸‚è®®ä¼šå·¥ç¨‹ç»„ã€è¾¾é²ç›Šå±±åƒåœ¾ç®¡ç†å…¬å¸åŠå‘å±•å•†ä»£è¡¨åˆ°ç°åœºå»å‹˜å¯Ÿã€‚
ç»å•†è®¨ï¼ŒçŸ­æœŸæ–¹æ¡ˆæ˜¯è¿›è¡Œæ¸…æ²Ÿï¼ŒæŠŠæ²Ÿé‡Œçš„æ²¹å’Œåƒåœ¾æŠ½å‡ºï¼ŒåŠ å¼ºæ’æ°´ã€‚
è‡³äºé•¿æœŸæ–¹æ¡ˆï¼Œç”±äºè•‰èµ–11é‡Œå±äºè€åŒºï¼ŒåŠ ä¸Šæ°”å€™çš„å˜åŒ–ï¼Œè€æ—§çš„æ’æ°´ç³»ç»Ÿå·²ä¸èƒœè´Ÿè·ï¼Œå¸‚è®®ä¼šå·¥ç¨‹ç»„åŠå‘å±•å•†å°†æ¢è®¨æå‡å½“åœ°æ’æ°´ç»“æ„å’Œç³»ç»Ÿçš„å¯èƒ½æ€§ã€‚
ç›¸å…³æ–°é—»ï¼š
https://www.orientaldaily.com.my/.../2023/08/19/590171
ï¼ƒBalakongAdaOng
",1 comment,1 share,{'Like': 46}
Wayne Ong Chun Wei,https://www.facebook.com/permalink.php?story_fbid=pfbid02QknNooSKRMfvrr1rFxY8jA9QpeTRs46p9DZDC2zxJDVDUr7ELkRTnPw6WJrjwQcel&id=100095001407478&__cft__[0]=AZW6alQnWufqeNsoGrmTE0Fa55CKwYYm98F6Ltc2Ji-1WJL1qdl6XjHQDkU1h1Ra9WKMy_xqHqktl5DiRoQzc-TO8HJAwzO-PzukvIQiU6LL8uaK4DMoH97FwYW7DMoZZRfZlwL95AZbhlL1BSse2HpMqw2Tm-Flt_Ir4THPJ19pVNySuVJXotBv-PsbXdFl2IY&__tn__=%2CO%2CP-R,2023-08-21 13:53:00,"Hari ini saya kembali ke Kinrara untuk menyertai majlis penghargaan bagi meraikan para sukarelawan jentera Pilihan Raya Negeri Selangor DUN Kinrara. ï¼ƒKinrara, titik permulaan penting bagi saya. 10 tahun yang lalu, saya mula menceburi bidang perkhidmatan awam di pejabat YB Ng Sze Han. Banyak perkara yang telah saya belajar. Kini, saya akan memanfaatkan pengalaman saya untuk teruskan perkhidmatan kepada rakyat dan kerajaan Negeri Selangor.
ä»Šå¤©ï¼Œæˆ‘å›å®¶äº†ï¼
æ˜¯çš„ï¼Œä»Šå¤©æ˜¯é‡‘éŠ®å·è®®å¸­å·é€‰æ…°åŠ³å®´ï¼Œæˆ‘çš„bosså…¼å¸ˆçˆ¶ ï¼ƒé»„æ€æ±‰ å®´è¯·æ‰€æœ‰åœ¨ç«é€‰æœŸé—´å¸®å¿™çš„ä¹‰å·¥å’Œç›‘ç¥¨åŠè®¡ç¥¨å‘˜æ…°åŠ³å¤§å®¶ï¼Œæ‰€ä»¥æˆ‘ä¹Ÿè¶æœºä¼šå›åˆ°æˆ‘ç†Ÿæ‚‰çš„åœ°æ–¹ï¼Œè§æˆ‘ç†Ÿæ‚‰çš„å®¶äººå’Œæœ‹å‹ï¼
æˆ‘çš„æ”¿æ²»æ—…ç¨‹å§‹äºé‡‘éŠ®ï¼Œè·Ÿéšå¸ˆçˆ¶çš„è„šæ­¥ï¼Œä¸€æ­¥ä¸€è„šå°èµ°åˆ°ä»Šå¤©ï¼Œæœ¬æƒ³å¥½å¥½å€Ÿæ­¤æœºä¼šæ„Ÿè°¢å¸ˆçˆ¶ï¼Œä¸Šæ¼”ä¸€å¹•è°¢å¸ˆå®´ï¼Œå¯æƒœå•Šï½ä»–åœ¨ç‹å®«å½©æ’ï¼Œå°½ç®¡æœ‰å°‘è®¸å¤±è½ï¼Œä½†è¿™ä¹Ÿæ˜¯å¥½äº‹ï¼Œæœ‰å½©æ’è¯æ˜å¸ˆçˆ¶å†å—å§”ä¸ºè¡Œæ”¿è®®å‘˜ï¼Œå‡†å¤‡æ˜å¤©å®£èª“å°±èŒã€‚
ä»Šå¤©æˆ‘ç‰¹æ„ç©¿ä¸Š ï¼ƒsayangikinrara Tæ¤å›åˆ°é‡‘éŠ®ï¼Œä»¥åæˆ‘å°†ä¸“æ³¨åœ¨æ— æ‹‰æ¸¯é€‰åŒºæœåŠ¡ï¼Œè‚¯å®šæ¯”è¾ƒå°‘åœ¨é‡‘éŠ®ï¼Œä½†æ˜¯é‚£æ®µåœ¨é‡‘éŠ®çš„æ—¥å­ï¼Œæˆ‘ä¸ä¼šå¿˜è®°ï¼Œé‡‘éŠ®æ°¸è¿œåœ¨æˆ‘å¿ƒï¼
",8 comments,3 shares,{'Like': 163}
Wayne Ong Chun Wei,https://www.facebook.com/permalink.php?story_fbid=pfbid0ZBHE8KdHcWiqbjcA9uue6AMsJUzn2Vy5zgL7eB31Vf6ZTied9QLx1QqCC1uCyZybl&id=100095001407478&__cft__[0]=AZXiOYClnZup4BEcppevD7giOkkEo4IdFIiXnrsMJjcMKWvLM50M-leeFG0A4-0yGXzxEF7U56aGKW8H7-9ns2NGo10FAYlfybbTfFddIvWpKrE0vHbgUnsuxpN01WrTQDXtuXjLbmaGsJehqPhJYUS0kdQGmw4SbhCUHq3QzLIQrQOhEpDBhky-XP6t1gY7hDM&__tn__=%2CO%2CP-R,2023-08-21 13:53:24,"ï¼ƒåŠ å½±å¸ˆçˆ·å®® æ‹¥æœ‰126å¹´å†å²ï¼Œç™¾å¹´æ¥åº‡ä½‘ä¿¡å¾’å‡ºå…¥å¹³å®‰ã€‚ä»Šå¹´åº†ç¥ä»™å››çˆ·åƒç§‹å®è¯ï¼Œä¸åŠ å½±ç¤¾åŒºæ–‡ç‰©é¦†ä¸¾åŠå¸‚é›†å’Œå¹³å®‰æ™šå®´ï¼Œä»Šæ—©æˆ‘å¸¦äº†å®¶äººå‚åŠ åº™ä¼šå¸‚é›†ï¼Œæ·±å…¥äº†è§£å››çˆ·å®®çš„å»ºåº™å†å²å’Œæ‹œæ‹œã€‚å¿…é¡»ç‚¹èµçš„æ˜¯ï¼Œç¤¾åŒºå¿…é¡»é€šè¿‡è¿™æ ·çš„é…åˆæ‰ä¼šæ´»è·ƒèµ·æ¥ï¼Œä¼ ç»Ÿæ–‡åŒ–æ‰å¾—ä»¥æµä¼ ï¼
ï¼ƒBalakongAdaOng
",3 comments,2 shares,{'Like': 112}
Wayne Ong Chun Wei,https://www.facebook.com/permalink.php?story_fbid=pfbid02MHHn6eK2jyeBQJGbh8ehSEWVi6rLN6D27qqSHEwmzuF1ZyrrD6eRvdsnNV5u1y32l&id=100095001407478&__cft__[0]=AZVIlzgLEbJSFsQ63X9UyZKbbTdttnkWdzJs7A8OGKbg_45MuqR2y7NWBC0P26xJP8MqzANfxxAorj-6Jsdl3E1Mr3u2qoitJBToqoKcUWcx1EUX1NTK9EIFxVIp7syW5bN8ZInJpMW9sXX-kQN_ZwsxX3o9FvlqlLoTSOK7BPpWj1CFQQnoEKURniYqf5j_5-0&__tn__=%2CO%2CP-R,2023-08-20 13:53:46,"Sekitar Malam Muhibah dan Sambutan Bulan Kemerdekaan anjuran Taman Sutera Fasa 3. Saya teruja dengan suasana serta keharmonian majlis ini. Semua penduduk duduk semeja tanpa mengira kaum dan berganding bahu menjayakan majlis ini. Inilah keunikan dan keindahan Malaysia. Inilah wajah sebenar Malaysia. Salam Malaysia Madani dan Selamat menyambut Hari Kemerdekaan.
è¾‰ç…Œæ¡çº¹é£˜æ‰¬äº†ï¼å›½åº†æ—¥è¦åˆ°äº†ï¼ŒTaman Sutera Fasa 3 æŒ‚èµ·äº†å›½æ——ï¼Œå±…æ°‘ä»¬æå‰æ¬¢åº†å›½åº†ï¼8æœˆæ˜¯å›½åº†æœˆï¼Œè¿™æ˜¯é©¬æ¥è¥¿äºšäººå…±åŒåº†ç¥å­£èŠ‚ï¼Œè®©æˆ‘æ„ŸåŠ¨çš„æ˜¯ï¼Œå±…æ°‘ä¸åˆ†ä½ æˆ‘èšåœ¨ä¸€èµ·æˆå°±è¿™ä¸ªæ´»åŠ¨ï¼Œä½“ç°äº†çœŸæ­£çš„å¤šå…ƒå¤§é©¬ï¼
ï¼ƒBalakongAdaOng
",1 comment,N/A,{'Like': 60}
Wayne Ong Chun Wei,https://www.facebook.com/permalink.php?story_fbid=pfbid02DV3wLdbQCYF8amwPcWRXS1r8SWacCuqgxM79RgieRQEC6q7kBnwz5UCWsRoz7em3l&id=100095001407478&__cft__[0]=AZU-SpejHt7H1Fb0Il_7Q3zQi5EKMsOKHND6aU72xzoNPZcw3vuFwgJ6ekTDgsFNNQLP4GGffqxrxg_bvG2EELDiA92DDsbUdDANKj9ZpYu4Sk6huEVgyu3fX_0lCkLnZqHvm3Fq7YSBIyt4VlpJGx4VUNJPgmi5hfoA3vHoGECZDdgDqJBnOUPNleXO-7GCSBE&__tn__=%2CO%2CP-R,2023-08-19 13:54:07,"Kunjungan hormat ke Pejabat YDP Majlis Perbandaran Kajang YBHG TUAN HAJI NAJMUDDIN BIN JEMAIN sambil membincangkan isu-isu semasa kawasan Dun Balakong.
ä»Šåˆæ‹œè®¿åŠ å½±å¸‚è®®ä¼šä¸»å¸­ Najmuddinï¼Œé™¤äº†å˜˜å¯’é—®æš–å¤–ï¼Œå°‘ä¸äº†æå‡ºä¸€äº›æ— æ‹‰æ¸¯çš„æ°‘ç”Ÿé—®é¢˜ã€‚æ¥ä¸‹æ¥æˆ‘ä»¬å°†åŠ å¼ºè·Ÿå¸‚è®®ä¼šçš„æ²Ÿé€šä¸é…åˆï¼Œå°½å¯èƒ½è§£å†³æ°‘ç”Ÿé—®é¢˜ï¼Œæ”¹å–„æ— æ‹‰æ¸¯ã€‚
#BalakongAdaOng
",1 comment,1 share,{'Like': 68}
Wayne Ong Chun Wei,https://www.facebook.com/permalink.php?story_fbid=pfbid02fKJcboAQfXpbkUxUyTx8hVVShtqp1D41ooQH6Vt5NSUMqK4z7ZNnVPK4ehiB26kPl&id=100095001407478&__cft__[0]=AZVMsUo1JAEkLUy_0vlEkV6xoK4QBiEnK7362z3pyN9Pvbbij71XBnw8i3cLOUaMg4gYUbzM59FzBAXFGJsO4mnnAHNRYxqjHxjy6z0j7gAA3oUJPM8pH66sy0v8HR9td3ujLOsyAoNk4rCvscDwJeuI-rQWL9iY4CCkdFc4tsOIXhzFUK9Q4p02V_wiVKsaZ8M&__tn__=%2CO%2CP-R,2023-08-18 13:54:30,"ï¼ˆä¸­æ–‡å¾€ä¸‹ï¼‰
The drain clearing operation continues! The drainage channels in the commercial area of Damai Perdana have accumulated garbage and grease over the long term, causing water blockages and even emitting foul odors. Today, KDEB has been arranged to carry out extraction and clearing work. We hope that the local businesses and residents will collaborate to maintain the cleanliness of the area.
æ¸…æ²Ÿè¡ŒåŠ¨å±•å¼€äº†ï¼é¦–éƒ½é•‡å•†ä¸šåŒºçš„æ²Ÿæ¸ å› é•¿æœŸç§¯ç´¯äº†åƒåœ¾å’Œæ²¹è„‚ï¼Œå¯¼è‡´æ’æ°´å—é˜»ç”šè‡³å‘å‡ºè‡­å‘³ï¼Œä»Šå¤©å®‰æ’KDEBè¿›è¡ŒæŠ½å–å’Œç–é€šå·¥ä½œï¼Œå¸Œæœ›å½“åœ°å•†æ°‘åˆä½œï¼Œä¸€èµ·ä¿æŒå½“åœ°å«ç”Ÿã€‚
ç›¸å…³æ–°é—»
https://metro.sinchew.com.my/?p=4915883
#BalakongAdaOng
",5 comments,2 shares,{'Like': 75}
Wayne Ong Chun Wei,https://www.facebook.com/permalink.php?story_fbid=pfbid0pgJFNgc1wzef5dTm2s2hUT5EqwScECxP3SSqM3KV3dXtRXN1ASGHn2v9zG5d5XQQl&id=100095001407478&__cft__[0]=AZUKTvLdg2caUMYu2KKW0p42YbnKaNomjPeNp_PhgdP0gz67aafYXOSULHXl5uJ3lqkY0ZD8-ISHpLY9v8i1DrFggVoXhrgFRlGpI7jB_oO8uUCWGUkPvT1uQt5G6fR9NflaIup0vLLqOVSRCfeGY6y7uN3q-i41Igb7Mji2FVibTHeuNhqUciRotYEoURnmRyw&__tn__=%2CO%2CP-R,2023-08-17 13:54:51,"(ä¸­æ–‡åœ¨ä¸‹é¢)
Mengunjungi Pasar Pagi Damai Perdana bersama Ahli Majlis Zon 5 Encik Dickson Tan untuk berjumpa dengan para penduduk sambil mendalami isu-isu setempat.
åœ¨ç¬¬äº”åŒºå¸‚è®®å‘˜Dickson çš„é™ªåŒä¸‹æ‹œè®¿è¾¾è¿ˆæŸå…°å²­å·´åˆ¹ï¼Œç¤¼è²Œæ‰“æ‹›å‘¼å¤–ï¼Œå°‘ä¸äº†äº†è§£æ°‘æ„ã€‚
#BalakongAdaOng
",1 comment,1 share,{'Like': 90}
Wayne Ong Chun Wei,https://www.facebook.com/permalink.php?story_fbid=pfbid035M3VxF6CWxUoUaKbMZwZUfWLyRqdg23oGrj5rwdG1PcEWzVbrKTsQM4ic4vqkWW8l&id=100095001407478&__cft__[0]=AZXjLEO5ok2yT1iQRR0OBH0f76t5ovya5nY-A8QBAa3t2oYGeCsi4nTMetgBilrg20vmAdrRxvr0I705qKxzobJ1_ghGVZLkQN4I-_GIRDv0UokxJWn9Iz2QQLIk2iIMgOfIBascw9yKR5ODt7vIfzOs43O1h3I5pPTfAeO4_hT9Chdkau_I5YfkZfQvn87STE8&__tn__=%2CO%2CP-R,2023-08-15 21:05:00,"Lawatan tapak ke Taman Damai Impian 2 bersama Ahli Majlis MPKJ Zon 5 Encik Dickson Tan dan berkesempatan berjumpa dengan penduduk-penduduk sambil mendalami isu-isu setempat.
ç™½å¤©ä¸å¸‚è®®å‘˜Dickson Tanä¸€åŒå‰å¾€Taman Damai Impian 2è¿›è¡Œè§†å¯Ÿï¼ŒåŒæ—¶å€Ÿæ­¤æœºä¼šä¸å±…æ°‘ä¼šé¢ï¼Œæ·±å…¥äº†è§£å½“åœ°æƒ…å†µã€‚
#BalakongAdaOng
",5 comments,2 shares,{'Like': 116}
Wayne Ong Chun Wei,https://www.facebook.com/permalink.php?story_fbid=pfbid02YLnnh7dBz5ao5Lm5bw6EvbTnJAQC3rSGW7iZsGpwmuMrbYMVDj2LACdGMfEBpyHkl&id=100095001407478&__cft__[0]=AZWATFTY_xKkpNuF2Kbyo4Ua-Er0MqlZ64TdiskswuL5SWjC6bMMbhfSRVfUJUxXQj-1A5Z2MS0H8g9i3e-iE3px71sVW7CbBQ-3iL_1aLKwG_qwRwfDyWuu0bElXUIRbkKCp-QhfzT_fP16-8tb4C7IZ4rhxoUEusAJ9hSlSGfFb93AqfQV9IsksLJYvlGxEFU&__tn__=%2CO%2CP-R,2023-08-14 21:08:00,"ï¼ˆä¸­æ–‡åœ¨ä¸‹é¢ï¼‰
Makan tengah hari bersama Ahli Parlimen Bangi YB Syahredzan sambil mengadakan perbincangan untuk memperkasakan kerjasama pejabat Parlimen Bangi dan pejabat DUN Balakong demi kepentingan warga Bangi serta Balakong khususnya.
Semoga gabungan ini akan membawa kesan 1+1>2
å’Œä¸‡å®œåŒºå›½ä¼šè®®å‘˜è°¢ç‘è©¹åˆé¤ï¼Œæ¢è®¨åŒæ–¹çš„åˆä½œï¼Œå¸Œæœ›æˆ‘ä»¬åˆä½œæ— é—´ï¼Œè¾¾åˆ° 1+1å¤§äº2çš„æ•ˆæœã€‚
#BalakongAdaOng
",8 comments,2 shares,{'Like': 119}
Wayne Ong Chun Wei,https://www.facebook.com/permalink.php?story_fbid=pfbid0kbXktXyj5vTJymKESnNFf9fhjK9B35eujyhaZfpkkoMpm5Gc2wWnFcCwE82dCcpcl&id=100095001407478&__cft__[0]=AZXdJq3qYfw1LmEhh6oAaZnwyVrP6hDlKRYnX8Ui3Ff4R8nsWo3-uTWY3mi1Np1u6glAmtH4P3CGeAUTQZk4azbzUJP3i3HTBmoH-4oBbLob2S3ucTwEQ6wMgeHn8Zwy6rcEPjqSWAg1BMn_Mo8gNfsXaSOydRMMNSD8DAoQguGgv62gmoSknZaA5R4s6LlRqUU&__tn__=%2CO%2CP-R,2023-08-13 22:09:00,"Reentering Sungai Chua, Batu 11, and Kg Baru Balakong with a different role and greater responsibility. Thank you for all the support. I am now eager to begin my work.
å†æ¬¡è¿›å…¥é”¡ç±³å±±ã€è•‰èµ–11é‡Œå’Œæ— æ‹‰æ¸¯æ–°æ‘ï¼Œè¿™æ¬¡èº«ä»½ä¸åŒäº†ï¼Œè´£ä»»é‡å¤§äº†ã€‚è°¢è°¢é€‰æ°‘çš„æ”¯æŒï¼Œç°åœ¨å·²ç»æƒ³å¼€å§‹å·¥ä½œäº†ã€‚
ç‹ä¿Šä¼Ÿï¼šå¯»ç­–è§£æ°‘å›° é¦–è®¡åˆ’ è®¿åŠ å½±å¸‚ä¼š
https://kl.chinapress.com.my/?p=1485374
ç‹ä¿Šä¼Ÿï¼šå³èµ·æŠ•å…¥æœåŠ¡   ä¸€è§†åŒä»å¯¹å¾…å„æ—é€‰æ°‘ https://www.sinchew.com.my/?p=4906733
#BalakongAdaOng
",16 comments,4 shares,"{'Like': 119, 'Love': 7}"
Wayne Ong Chun Wei,https://www.facebook.com/permalink.php?story_fbid=pfbid02VnUzH8LM6UMzW19RgEp5AMoDQMJ7MMS1pp6Ksxp4cKb7CJRV1nXKc2rKsfcqo74jl&id=100095001407478&__cft__[0]=AZVaWVg9BeFk6vu_ZazdN05-D5u1W_MuGbPLvG2JqZR4wOwEv2S05wuvctCgw5PcZz3MA-DOx85QHM0AbOoLNUBSanEaFUQgJuDTFdYs1O54IlC-Ufq1v_j17UhKj_Nc47RNiD4qEezqzJypbslb_mrYTOv9gD7i9Fa8tR839me4Xr-l7bHXcb--XS2gUZe6SjY&__tn__=%2CO%2CP-R,2023-08-13 08:04:00,"Saya bertuah dapat menjadi sebahagian daripada Kerajaan Negeri Selangor dan saya bersedia berkhidmatï¼
é«˜å…´å¯ä»¥æˆä¸ºé›ªå·æ”¿åºœçš„ä¸€åˆ†å­ï¼ä¸æ˜¯å› ä¸ºæ›´ä¸Šä¸€å±‚æ¥¼ï¼Œè€Œæ˜¯å¯ä»¥æŠ•å…¥ç¤¾åŒºæœåŠ¡ï¼Œå®è·µæˆ‘çš„ç†æƒ³ã€‚
ï¼ƒkerajaanperpaduan
ï¼ƒkitaselangor
",26 comments,4 shares,{'Like': 182}
Wayne Ong Chun Wei,https://www.facebook.com/permalink.php?story_fbid=282197194442890&id=100095001407478&substory_index=282197194442890&__cft__[0]=AZXJRsY3NLRFVyoGKWRWN3cbLStjasxq5ZEhx6SFR21Ihqn7UdW2_KzmjHDM-65i-3Lg3Ji2zTQlih2koNlEgp4E7bjCB3O15ivDgrGeDzOStbci6Uwgj_X36B7kzNB85yZuD6cl6gOYnLjXRSPGbVa0zD0Mfc9gs0l20AUTsVYKbSz4kLhy0YNB47SK5S_e7ng&__tn__=%2CO%2CP-R,2023-08-12 23:30:00,,57 comments,3 shares,{'Like': 364}
Wayne Ong Chun Wei,https://www.facebook.com/permalink.php?story_fbid=pfbid07weTnAfjbopCx4eBmEaJF2aWiy1d32aPcSW2pZiZyTmg7s5FTqeDNBpTTFYSDLRnl&id=100095001407478&__cft__[0]=AZUIDcCZI42vp3NNKivd8VNpSKEfgS5cINAnAstTX1F0zSq9JZMqkoTHD_TyPOGL_h7BDv-xecP0WfW2IQ7T_l_8T-S0WMxAcEHo7KSrLD2kkKJ6VizM_1clJ5ZUReH62xU7G8CW3aUU4XvwZJCVW7StwGFQYAQSyn-rpqbtxD-ywQZGrXOLEvrUyRRoqLcYw4Y&__tn__=%2CO%2CP-R,2023-08-12 22:09:00,"Terima kasih Balakong. Saya akan buat yang terbaik. Salam hormat!
è°¢è°¢å¤§å®¶ï¼
æˆ‘å°†ä»¥å®é™…è¡ŒåŠ¨å›é¦ˆæ— æ‹‰æ¸¯çš„é€‰æ°‘ï¼
ï¼ƒbalakongadaong
",46 comments,6 shares,"{'Like': 226, 'Love': 21}"
Wayne Ong Chun Wei,https://www.facebook.com/permalink.php?story_fbid=pfbid0CoxLL4f9SQkq3Nkg83q7H2eMZ4q8B9ihQEUuqsyoHpuftMHPSJ9Rb8HP1kkT1b41l&id=100095001407478&__cft__[0]=AZUZ2I-aoNMtQ8x6aunC048zGCZlrPrrJ4E_U_99eFFlK9qjmu-ExgdgLKDf2w5b62v0jDgmvO5LZPAg8kIhk-B998NSQm_vX6NWJXWwkqbSI59q8CiL2h7i4PyFP4UpTNp_jkwU03RVBERI4S1QsabeenNod2nGR5HDXkdbK4funNPi08Ntf10iM93fHFmOPB4&__tn__=%2CO%2CP-R,2023-08-12 15:25:00,"ğˆğğ“ğ„ğğ’ğ„ ğ„ğ‹ğ„ğ‚ğ“ğˆğğ 
The voter turnout rate is only 38% as of 3pm.
Go cast your vote immediately
",5 comments,14 shares,"{'Like': 37, 'Sad': 6, 'Wow': 5}"
Wayne Ong Chun Wei,https://www.facebook.com/permalink.php?story_fbid=pfbid02FX7C9iTmmfFH5pToT16Diw9dhsSRgXMFUiGf2UF7jDKqBbkQCJzw7n8GpbpJCxC7l&id=100095001407478&__cft__[0]=AZXKc1mh0_V__EPkwHx17T8MgYqMpG5wTDI1JumhZkivLaZwwhiAoCRzRMu8XsgbZueAo_3vaQnbSYl1mV_Ml7Y_4GRaz8INbOFX87CT2qWRK_j-sbBbJyRWUAEivC5iFDmTkrI3T6OxBxopK5rV9P2khHv2_S-ODO6mIXUHm9ZuWBgNFCG2QbbicDxC0mp4Sfo&__tn__=%2CO%2CP-R,2023-08-12 12:22:00,"å·²ç»æœ‰å¾ˆå¤šé€‰æ°‘æŠ•ç¥¨äº†ï¼Œè¿˜æœªæŠ•ç¥¨çš„ä½ åŠ å…¥ä»–ä»¬å§ï¼
Thousands in Selangor have voted. Stand up and join them.
#æ‚¨çš„ä¸€ç¥¨å¾ˆé‡è¦ #å«ä¸Šäº²æœ‹å¥½å‹ä¸€èµ·æ¥æŠ•ç¥¨ 
#jommengundi 
#MalaysiaMadani #KitaSelangor #BalakongAdaOng #N27 #Balakong #N27Balakong #PRNSelangor
",4 comments,1 share,{'Like': 27}
Wayne Ong Chun Wei,https://www.facebook.com/permalink.php?story_fbid=pfbid02FqnLcNXEX7kXmivqkV8RaizicehPYbNk5QGsUnePd5WJEFAXnHRq1sh9hoBzAf2Tl&id=100095001407478&__cft__[0]=AZWwRDQSA-YbBKLMPqTj42JmurLGyel01zro8UL1ZpZOcGbwyeu3JIAXnvFiSVZA-dOcEvEq8Vo_2CQfmDp3dp0xOd8QNdYAClJvODkJ2BPYeEA8BlWaFdvaHWZ4-EoTJCrCX-V3L8oTWZmy5IauGylH-XJfXMV--C8CZdnay_O_WYWfbdkBZ-fDOPlWZYVlCeg&__tn__=%2CO%2CP-R,2023-08-12 10:21:00,"æˆ‘çš„æ‰‹æŒ‡å¤´è½¬è“äº†ï¼
æˆ‘ä¸€æ—©å°±ä¸ºæˆ‘æœªæ¥5å¹´æŠ•ä¸‹äº†ç¥åœ£çš„ä¸€ç¥¨ï¼Œä½ å‘¢ï¼Ÿ
æ ¹æ®æˆ‘åœ¨æŠ•ç¥¨ä¸­å¿ƒè§‚å¯Ÿï¼Œä»Šæ—©æŠ•ç¥¨ä¸­å¿ƒæ²¡æœ‰æ’é•¿é¾™ï¼ŒæŠ•ç¥¨ç‡ç›¸å½“ä½ï¼Œæ˜¯å¤§å®¶ä¸æƒ³æ¥å—ï¼Ÿï¼Ÿ
æŠ•ç¥¨ä¸€ç‚¹éƒ½ä¸éº»çƒ¦ï¼ŒæŸ¥å¥½æŠ•ç¥¨ç«™ï¼Œå¸¦å¼ ICå»å°±å¯ä»¥å•¦ï¼
Jari saya sudah dicelup dakwat biru demi masa depan saya,
Bagaimana dengan anda?
Undi anda, masa depan anda
Maklumat terkini:
Peratusan keluar mengundi amat rendah pada pagi ini
#æ‚¨çš„ä¸€ç¥¨å¾ˆé‡è¦ #å«ä¸Šäº²æœ‹å¥½å‹ä¸€èµ·æ¥æŠ•ç¥¨ 
#jommengundi 
#MalaysiaMadani #KitaSelangor #5Tekaduntuk5Tahun #BalakongAdaOng #N27 #Balakong #N27Balakong #PRNSelangor
",22 comments,5 shares,{'Like': 198}
Wayne Ong Chun Wei,https://www.facebook.com/permalink.php?story_fbid=pfbid02tfGzY6yC23HbYzPFijPtoydQt6VsjnTvpxCPnu24TsUrZeHpWUrNhhfZoYJdbZFjl&id=100095001407478&__cft__[0]=AZUwOzKpcdvw91247m217PD4fSgvrVZXlhCLoYT4BNfCzAPwz9ejp-iYoBaeHszmrh5yWB8I5yMHykAFfA_ERuBjLSc1pNThynaltZs-ccokor2_Padgypi0t1os1uZO9f4HXsXqJAOnfDmiEdcrerb_EEyEsSdO8NmItjcvspPKRNVcYARsCPsuqyB-0N_jic4&__tn__=%2CO%2CP-R,2023-08-11 22:30:00,,N/A,N/A,"{'Like': 5400, 'Love': 3, 'Haha': 1200}"
Wayne Ong Chun Wei,https://www.facebook.com/permalink.php?story_fbid=pfbid03THncF28D3BFZb9jZiFxXPFoL8kuT53FFgbrKa2nV5NcUC9Fqev8U9nCRw49Uanql&id=100095001407478&__cft__[0]=AZW1XDlQ-RkLOhwol-zQCKsTjKWM129WTTCmOEzZjhZP2cruBKOz-ssl2roeB8J6LkYMyHuMlhQoEd225rAsW3nw6Yz7iY4abHXn5flRPsMb4Xp-WC8fG7qdV8gR1hGQfvuQwa7A4mqcw8pHI9ZYCo4v57O4xgLnwbF-kE41AsBhKNsZ1VYyV9FY28OTjisFxI4&__tn__=%2CO%2CP-R,2023-08-11 21:33:00,"Walkabout di Pasar Malam Desa Baiduri dan Pasar Malam Batu 11.
Terima kasih atas doa yang diberi oleh Kak Nor agar hari pengundian esok semua berjalan dengan lancar
. Kak Nor juga sempat mengajar saya beberapa â€œskillâ€ untuk memasak kuey teow 
.
Harap satu hari nanti saya dapat masak bagi isteri saya rasa 
.
#Jommengundi
#MalaysiaMadani #KitaSelangor #5Tekaduntuk5Tahun #BalakongAdaOng #N27 #Balakong #N27Balakong #PRNSelangor
",3 comments,2 shares,"{'Like': 67, 'Love': 4}"
Wayne Ong Chun Wei,https://www.facebook.com/permalink.php?story_fbid=pfbid0EzRM3zHGL8iCbzj1xvvrCuf9aTrqFaNh5psyk8uLdEx4iNnd8WLcw9qgoRFnuZLUl&id=100095001407478&__cft__[0]=AZXKT_FPtqsTLrlIstAVD3H1_2_gKWowcwlHg_zkvVC0Et0P7wn2qtZ4dHFh0tHmNZ9KWSQgbI6MUcLsMkBhu7mWpO-_URJZBMyktS4Ao_GC4SAzVY3cVrcNnvEyjGNyl7AvCnz_m5yK5eHRFTqw5Cp9MaFcYEA_XJUqbWzNlU0V7pYLdxshUC0pnshD85CRMtc&__tn__=%2CO%2CP-R,2023-08-11 20:00:00,,N/A,N/A,"{'Like': 5400, 'Love': 4, 'Haha': 1200}"
Wayne Ong Chun Wei,https://www.facebook.com/permalink.php?story_fbid=pfbid0qqMTrMejou9GqezXwqdz5gVWyPuQs6f61kxPvoNHP8ins5pYVwp1kMNEW7GuPnKcl&id=100095001407478&__cft__[0]=AZUc-JXaUm58BWo5vGvFw9A_9UB28NWFS7w_jxJOBvLjQlwQU7CFXp2aqDz9RDmB_HgIQNe9bPHQc14d82SwhlvsIketVZTKUjo7wy_EWichF5EfTf0NhdD7lEVjIOoQm8Fn9PaNO1Duf64UfhmEMTBtr6IxD6G1pbTRTVaTI83NEo_mLQSZaas4Ij7Op616jY4&__tn__=%2CO%2CP-R,2023-08-11 18:30:00,,N/A,N/A,"{'Like': 5200, 'Love': 3, 'Haha': 1200}"
Wayne Ong Chun Wei,https://www.facebook.com/permalink.php?story_fbid=pfbid02R7KBLfgr7hF39EuQ6eaya8PtNAJ8uzzPZnZvGTHAKqpgsktgK8srMkhy5dXAr1NEl&id=100095001407478&__cft__[0]=AZV35p5926CQyQpXk0GMU7wIaVy4Iqx9gmuoic8iY9BcawKGu0VdQkrRhmo1Azc0A1dFvcolL0H9NN4PwL2ZupfVQFo3dOC4r0xAxK5xEFFLgTrMT_ZDLR_9IICxvIQ941oz8e-zzqOf2WLNZSseNd6H2v8tB_deS79ROolcNqHfAH8QssZ7khqt0FDkpmaWJJQ&__tn__=%2CO%2CP-R,2023-08-11 16:00:00,"Dalam 14 hari ini, saya dengan rendah diri untuk mengucapkan ribuan terima kasih kepada semua pimpinan dan pasukan saya dari seluruh Malaysia yang sanggup untuk datang ke Balakong untuk memberikan sokongan dan bimbingan tak terhingga. Setiap langkah, setiap titik perjuangan adalah hasil kerjasama kita semua sebagai satu pasukan. Saya menghargai tekad dan semangat kita semua. Marilah kita mengukir sejarah bersama demi masa depan anak-anak kita.
æˆ‘å¤ªå¹¸ç¦äº†ï¼Œä½œä¸ºä¸€åæ–°äººï¼Œåœ¨æ•´ä¸ªç«é€‰æœŸæœ‰æ¥è‡ªå„åœ°çš„é¢†è¢–ï¼ŒåŒå¿—å’Œå¿—å·¥åˆ°æ¥ä¸ºæˆ‘ç«™å°æ‹œç¥¨ã€‚ä»–ä»¬é™ªæˆ‘èµ°å…¥å·´åˆ¹ã€ç¤¾åŒºæ‹œç¥¨ï¼Œç”šè‡³æ¼”è®²è®²åˆ°å—“å­æ²™å“‘ï¼Œä¸ºæˆ‘åŠ æŒã€‚
è°¢è°¢ä½ ä»¬ï¼
#æ‚¨çš„ä¸€ç¥¨å¾ˆé‡è¦ #å«ä¸Šäº²æœ‹å¥½å‹ä¸€èµ·æ¥æŠ•ç¥¨ 
#Jommengundi
#MalaysiaMadani #KitaSelangor #5Tekaduntuk5Tahun #BalakongAdaOng #N27 #Balakong #N27Balakong #PRNSelangor
",7 comments,2 shares,{'Like': 90}
Wayne Ong Chun Wei,https://www.facebook.com/permalink.php?story_fbid=pfbid08U1Pdk8BXgutjW1mNND5PDU5z4zcUvL2iQ295xH67K2KDJPM5DKCLc36ZFuL18Pcl&id=100095001407478&__cft__[0]=AZUKzFMVRUC36dHveHkgIGh6acOsrJqj6fX46BAqNgtOhaWTJkwi0oTtwkuRlhnPxazbJQJcLhivGNITfX8K2RddYzMWxxTBeJD95pSLobKrl3Nj9Y53GkLlz6ex9OAXCs0Z9u4F3zKYqK7GkcjmtUICOL-HXKr6u_ogMjl56OrTxRqSXJvqpxcs3Zr3ygBpps0&__tn__=%2CO%2CP-R,2023-08-11 14:00:00,"Goyang kiri, Ayun kanan! Lompat satu, gerak satu! Yang paling best semasa tempoh kempen adalah kami bergerak bersama-sama dengan semua!
å·¦æ‘‡æ‘‡ï¼Œå³æ‘†æ‘†ï¼è·³ä¸€è·³ï¼ŒåŠ¨ä¸€åŠ¨ï¼ç«é€‰æœŸé—´æœ€å¼€å¿ƒå°±æ˜¯è·Ÿå¤§å®¶ä¸€èµ·åŠ¨èµ·æ¥ï¼
#æ‚¨çš„ä¸€ç¥¨å¾ˆé‡è¦ #å«ä¸Šäº²æœ‹å¥½å‹ä¸€èµ·æ¥æŠ•ç¥¨ 
#Jommengundi
#MalaysiaMadani #KitaSelangor #5Tekaduntuk5Tahun #BalakongAdaOng #N27 #Balakong #N27Balakong #PRNSelangor
",1 comment,4 shares,{'Like': 102}
Wayne Ong Chun Wei,https://www.facebook.com/permalink.php?story_fbid=pfbid0JeWK2LLVP8am41PXK4bDCJMb66jkq9p6c1KFFW4fBZ5uczYrTT6kzKKY55ZHPS5Jl&id=100095001407478&__cft__[0]=AZVCLmRU428Tp8Rc_o68mbu89b-ZDYRea9rWPJ5bR5viMfDPhSNiKch8ExYI-d2zUWdmDo9QM9e3Om48UNrAvwZ7IqaqcnHd_iT2pRHrS0634ZCzPKU93s0XU-tUYHlPu9rny_O1eKhPPj549T4nkSBu3QQo7rwgu3eFr8JD1uLtRQcFKD-zMyKwiTto5AQX4h0&__tn__=%2CO%2CP-R,2023-08-11 12:00:00,,N/A,N/A,"{'Like': 6000, 'Haha': 1200}"
Wayne Ong Chun Wei,https://www.facebook.com/permalink.php?story_fbid=pfbid02JycjYaWtR2UEub1yqRjBXwwqZGsoFNe6Ckcfz5QvyspvqxsfR4LdGTDPtBHrDhjml&id=100095001407478&__cft__[0]=AZX0048gGZVHs780bu_CuXUminWJdDnN7PlPJWz6ZDRRb1KMZxBb17U_vqA7mJYW_pp_Z0nJEgom3s7QISJidVZLN0bY1aLzvZ3-1knMuMVU6Zs7bfnM7isRLmJA92v2FFfQ5MFqBTopjvS8d3VR0glt7xLrR6t3RYjCCDn1Cbfp2f_kLUtl7V-G5CxWNoQXCOs&__tn__=%2CO%2CP-R,2023-08-11 10:00:00,"Hari ini saya telah mengosongkan pejabat saya dan kembalikan pas kakitangan kepada SUK. Lima tahun di Ibu Pejabat Kerajaan Negeri Selangor ini merupakan kenangan terindah kepada saya. Tempat ini tempat yang saya diberikan peluang untuk berbakti kepada masyarakat. Banyak perkara yang telah saya belajar, ramai kawan yang saya berkenalan. Mereka ini insan-insan yang baik dan penting dalam kehidupanku. Kini, saya akan berpisah dengan rakan-rakan saya ini,  tetapi yang pasti akan kekal selama-lamanya adalah persahabatan kami. Terima kasih teman-teman sejatiku.
ä»Šå¤©è…¾å‡ºä¸€ç‚¹æ—¶é—´å›åˆ°èé˜¿å—ç†Ÿæ‚‰çš„åŠå…¬å®¤ï¼Œå½’è¿˜æˆ‘çš„å‘˜å·¥è¯ã€‚è¿™é‡Œæœ‰å¤ªå¤šå›å¿†äº†ï¼ä»¥å‰æ—©å‡ºæ™šå½’ï¼Œè·Ÿä¼™ä¼´ã€å®˜å‘˜å’Œè€æ¿åœ¨è¿™é‡Œæƒ³å‡ºè®¸å¤šç‚¹å­ååŠ©åˆ¶å®šæ”¿ç­–ï¼Œå­¦ä¹ äº†å¾ˆå¤šå¾ˆå¤šã€‚
ç°åœ¨æˆ‘è¦æ­£å¼å‘Šåˆ«äº†ï¼Œç‰¹åˆ«æƒ³å¿µä»¥å‰è·Ÿæˆ‘ä¸€èµ·å¹¶è‚©ä½œæˆ˜çš„ä¼™ä¼´ï¼Œå¸Œæœ›ä½ ä»¬å¥½å¥½çš„ï¼Œä»¥åä¸€å®šæœ‰æœºä¼šè§é¢ï¼
#æ‚¨çš„ä¸€ç¥¨å¾ˆé‡è¦ #å«ä¸Šäº²æœ‹å¥½å‹ä¸€èµ·æ¥æŠ•ç¥¨ 
#Jommengundi
#MalaysiaMadani #KitaSelangor #5Tekaduntuk5Tahun #BalakongAdaOng #N27 #Balakong #N27Balakong #PRNSelangor
",3 comments,1 share,{'Like': 63}
Wayne Ong Chun Wei,https://www.facebook.com/permalink.php?story_fbid=pfbid0LYGAk1qzPonkfGG2zDJpaTSFHFHmvySjdvUJTazggBqaq1rfAM4GTQJyV1ZhZe2ul&id=100095001407478&__cft__[0]=AZVKQNU-L8Nu8pAZLGcohywU6TvrS_vRxFnckc9SE5IvFnzEn8H0PZMYtCabLb8fMDsaGxaBYKVI2e-jBSlv6UFeagJhsYM66NcO40sAZIVsdXDvybqRUUqohDNQRCnUfRx8xDaG_9QRnd6locD3x022GcWp6RQMAR_MsxTcIwMDKIHjOLRJiZA8wN_j9fr3Ex8&__tn__=%2CO%2CP-R,2023-08-11 08:00:00,"æœ‹å‹ä»¬ï¼Œå€’æ•°1å¤©å•¦ï¼æ˜å¤©jioå®Œå…¨éƒ¨è€æœ‹å‹æ–°æœ‹å‹ä¸€èµ·å»æŠ•ç¥¨å§~
Hey friends, tomorrow is the day! You must jio all your buddy around you to cast vote together
, later your buddy say you bojio
#æ‚¨çš„ä¸€ç¥¨å¾ˆé‡è¦ #å«ä¸Šäº²æœ‹å¥½å‹ä¸€èµ·æ¥æŠ•ç¥¨
#MalaysiaMadani #KitaSelangor #Jommengundi #BalakongAdaOng #N27 #Balakong #N27Balakong #PRNSelangor
",9 comments,5 shares,{'Like': 84}
Wayne Ong Chun Wei,https://www.facebook.com/permalink.php?story_fbid=pfbid02cs1Aoik4znwu8T7G89JNaDQNuzPVhcMvVHCce9tvLArTbFGWL5DBacmcotDvM96el&id=100095001407478&__cft__[0]=AZWAkXdG22F6GATd_Ms37Mvmhgyk35yhx51EDanZk19hVY51a_FLZndt5H82cFGAFKFUqUNrj0AhaYC7CJbBOvacMOCX1t8AaJYnZa2wYK6DoD95onAwQfztRhimhhj-Kof-8zgOwjMkpil_o-8QRREIK5Z3ygiRDxfUhh_7P3Hvhd_aKpdTQ5yCh53_hvzcVOQ&__tn__=%2CO%2CP-R,2023-08-11 00:02:00,"è¿˜æœ‰24å°æ—¶å°±æ˜¯é›ªå·å’Œå…¶ä»–5ä¸ªå·å±çš„æŠ•ç¥¨æ—¥ã€‚
ä»æåèµ·åˆ°ä»Šå¤©æˆ‘é©¬ä¸åœè¹„è¿›è¡Œç«é€‰ï¼Œåœ¨æ— æ‹‰æ¸¯è·‘é€é€ï¼Œå¬åˆ°å¾ˆå¤šçš„å£°éŸ³ã€‚
å¾ˆé«˜å…´å¬è¯´æœ‰äººå·²è·Ÿå®¶äººå›åˆ°å®¶ä¹¡å‡†å¤‡åœ¨8æœˆ12æ—¥æ—©ä¸Šï¼Œæ•´å®¶äººæµ©æµ©è¡è¡åœ°å»æŠ•ç¥¨ï¼Œä¹Ÿå¬è¯´æœ‰äººå·²çº¦å¥½æœ‹å‹æŠ•ç¥¨åæ¥ä¸ªåˆé¤èšä¼šã€‚
ä½†æˆ‘ä¹Ÿå¬è¯´ä¸¤ç§åå·®å¾ˆå¤§çš„å£°éŸ³ï¼š
ç¬¬ä¸€ä¸ªï¼Œé›ªå·æœ‰æ”¿ç»©ï¼Œç¨³èµ¢çš„å•¦ï¼Œå°‘æˆ‘ä¸€ç¥¨ä¸å°‘ã€‚
ç¬¬äºŒä¸ªï¼Œæˆ‘å‘æ¥æŠ•å¸Œç›Ÿï¼Œç°åœ¨è¦æˆ‘æŠ•å›½é˜µï¼Œæƒ³è¿‡æŠ•åºŸç¥¨æ³„æ„¤ç”šè‡³ä¸æŠ•ã€‚
è¿™è®©æˆ‘å¯¹æ˜å¤©6å·å·é€‰æ„Ÿåˆ°æ‹…å¿ƒã€‚
å¤§å®¶è¯·keep clam~æŠ•ç¥¨ç»ä¸æ˜¯å„¿æˆï¼Œä¹Ÿä¸æ˜¯ç”¨æ¥æ³„æ„¤çš„å·¥å…·ã€‚
è¿‡å»å‡ å¹´ï¼Œé©¬æ¥è¥¿äºšé™·å…¥æ”¿æ²»é»‘æš—ï¼Œ5å¹´è¿˜æ¢äº†4ä¸ªé¦–ç›¸ï¼Œä½ åŒçƒ¦ï¼Œæˆ‘å…¶å®ä¹Ÿæ›¾å¿ƒç´¯ã€‚
ä½†æ˜¯æ—¥å­ä¾ç„¶è¦è¿‡ï¼Œç°åœ¨çœ¼å‰å°±æœ‰ä¸€ä¸ªå¯ä»¥è®©ä½ é€‰æ‹©æœªæ¥5å¹´æ—¥å­æ€ä¹ˆè¿‡çš„æœºä¼šäº†ã€‚
å¦‚æœä½ æƒ³å®‰å±…å°±é è¿™ä¸€ç¥¨ã€å¦‚æœä½ ä¹ä¸šä¹Ÿé è¿™ä¸€ç¥¨ã€å¦‚æœä½ æƒ³è¦é›ªå·ç»æµã€å¤§é©¬ç»æµèµ·é£æ›´åŠ è¦é è¿™ä¸€ç¥¨ã€‚
ä¸è¦å†é—®ï¼šæŠ•ç¥¨è¿˜æœ‰ç”¨å—ï¼Ÿè®¤æ¸…è‡ªå·±è¦ä»€ä¹ˆï¼ŒæŠ•å°±æ˜¯äº†ï¼
#æ‚¨çš„ä¸€ç¥¨å¾ˆé‡è¦ #å«ä¸Šäº²æœ‹å¥½å‹ä¸€èµ·æ¥æŠ•ç¥¨ 
#jommengundi 
#MalaysiaMadani #KitaSelangor #5Tekaduntuk5Tahun #BalakongAdaOng #N27 #Balakong #N27Balakong #PRNSelangor
",15 comments,17 shares,{'Like': 118}
Wayne Ong Chun Wei,https://www.facebook.com/permalink.php?story_fbid=pfbid03eeYRKWgm51uVQJXdBGkYjQnR98aPwnYbgp4mKxqh7sKmdWxP8H4aHw79JHSEFk5l&id=100095001407478&__cft__[0]=AZXI4vM27BstUVkk2bw23EZuaWP-LnO3dAU7VIjw7JY-HXEQbn9tILie0AAZ0UqWrjfLH2_3-mzPCKW4EMZSxu9-L2U6UamFXSYuZnubQ5MXCee1myE6Szh1NKd1V1WQ179ChT5c2qjlUISyaoGczNvqYw5mpOg9wfY33xhar4OFxSQnObieSFeJGgKj2DvfWNc&__tn__=%2CO%2CP-R,2023-08-10 22:00:00,"Esok dah hari terakhir untuk berkempen
Jom ikut kami jika kamu ada masa luang 
æ˜å¤©æ˜¯ç«é€‰çš„æœ€åä¸€å¤©äº†ï¼Œæˆ‘ä¾ç„¶ç«åŠ›å…¨å¼€ä¸ºå¸Œç›Ÿäº‰å–å¤šå¤šç¥¨ï¼
#Jommengundi
#MalaysiaMadani #KitaSelangor #5Tekaduntuk5Tahun #BalakongAdaOng #N27 #Balakong #N27Balakong #PRNSelangor
",4 comments,2 shares,{'Like': 39}
Wayne Ong Chun Wei,https://www.facebook.com/permalink.php?story_fbid=pfbid02dfrZTuAV7BG1cSaT2h1kdFGUV619kCCyn3UTDCv89X7BFxvWY1X688BhZnB4R8ZXl&id=100095001407478&__cft__[0]=AZV8ksqwZHBCGA7LQF6TCrz7LdHEkvgHtVeaeBbVgVFAevOjoerI6T_3VTG7u-ZAlvm4OaQBr6LSyJgjMzBmuP9J3F-YhGUkefB2dSnrYiLGbZ5EQB21ZmZH4gMCAOT8M44cx1VzXvOYUzYaed8fNTtbqBJJx-gSIrDYndUdkhPQ9-IRPYAYThIQ8G8VZQaKBnQ&__tn__=%2CO%2CP-R,2023-08-10 20:30:00,,N/A,N/A,"{'Like': 5700, 'Haha': 2900}"
Wayne Ong Chun Wei,https://www.facebook.com/permalink.php?story_fbid=pfbid02zvQBoD6vgtBDTGTGdQk825k44z2joW4shZj79WB49h4ACmbkDLqXBrTDMxpTDe6jl&id=100095001407478&__cft__[0]=AZVBgt3izlwn_qBtq9kOJm3ehwlhTfXR9d0d1wPSkGWI_b2QFMR0Dprs-fDX7bqrG5_IWrXFHmTMNz7rS0UWZsIetqwNuzwstG1hKI8lH5ISgSnG-m7e0U5QmhIeReJ51JnYqhrIpPqiK0zlGnW8UG-zlk_5khGt3G9Aff4KFrY7llX1acy7_F-ObfQvG2s902w&__tn__=%2CO%2CP-R,2023-08-10 17:30:00,"Dialogue session with Taman Megah Indian Population Association. Learning and understanding each other is an important step towards harmony.
Let's vote ï¸âƒ£ï¸ Candidate No.
, Wayne Ong Chun Wei, Pakatan Harapan
#MalaysiaMadani #KitaSelangor #Jommengundi #BalakongAdaOng #N27 #Balakong #N27Balakong #PRNSelangor
",3 comments,1 share,{'Like': 35}
Wayne Ong Chun Wei,https://www.facebook.com/permalink.php?story_fbid=pfbid0E9GxnnegZbjLVZWZNxHUe4w1GN3YUA4ikyftBV4Gwq4B1PxHcAfB7BDC6XqzAeaQl&id=100095001407478&__cft__[0]=AZXMPDbzLEBGuXQHiNqHYyDw9S3M2bVY-mHwLtc-ffvKNpt-xYJKfSalw2elW4mG9FssTmkxvKNCxPkoIJcnXkerye55TRAoiLLDYdprO_uFweslCPMHjgFhF4WILkFiCHJOfWMv9XCqQ_xZZ8ZSdXIfcxX3C2XolCdnDYj6gTqd9fOUiR548lMUz3kPdPlVzrc&__tn__=%2CO%2CP-R,2023-08-10 16:03:00,"Urgent! SOS! Attention! Just two more days until voting day. Sisters, please inform everyone to come home and vote!
é€‰æƒ…å‘Šæ€¥ï¼è¿˜æœ‰ä¸¤å¤©å°±æ˜¯æŠ•ç¥¨æ—¥ï¼Œå§å§å¦¹å¦¹ä»¬è¯·å¤§å®¶é€šçŸ¥å¤§å®¶å›å®¶æŠ•ç¥¨ï¼
#MalaysiaMadani #KitaSelangor #Jommengundi #BalakongAdaOng #N27 #Balakong #N27Balakong #PRNSelangor
",3 shares,N/A,{'Like': 18}
Wayne Ong Chun Wei,https://www.facebook.com/permalink.php?story_fbid=pfbid0NwWHFemjuP41sixYc87wYZnZgpF4ZfhwGjgSqSuhMr2GPiGGbZ63GZZL478PZuX6l&id=100095001407478&__cft__[0]=AZWNCrMLjkpTLjVBBafH225QkgPebnkcqvjQMpyaOeFafDb2Qawj551XXeF-1SBkG548KTK6RIMt40kuVxKuvHucSs1q805qoSebZs6CH2R_Pa83jP0T6Q_f3RkzDrMcprFkVDTD5Hte1Gc1mpM8WFn3JnZzmwzD0Vt-fV2Ww2v7yjixcUktz7fY6Q6Nj6WpbLM&__tn__=%2CO%2CP-R,2023-08-10 14:23:00,"We highly appreciate the invitation from Gurdwara Sahib, a place of worship for the Sikh community. We are happy to be able to share a wide range of views, even if we come from different backgrounds. Together, we continue to strengthen the diversity and harmony among one another.
#MalaysiaMadani #KitaSelangor #Jommengundi #BalakongAdaOng #N27 #Balakong #N27Balakong #PRNSelangor
",2 comments,1 share,{'Like': 45}
Wayne Ong Chun Wei,https://www.facebook.com/permalink.php?story_fbid=pfbid0UWL8pjmYAfqejQmrXzYWEnkQcQfx6byjP4u68dH9SFCnkFjpXY1n5co9aKGUFay6l&id=100095001407478&__cft__[0]=AZUJqOi9CkbX45e_8nK-lm4cQEUyi-u_b__kqPpeZwPkXInkuiEDOGCuJheFiGtT21cfgvCewXsEybL0aVwsZsCcRFkuYV1FTtbcW_YbIT3NhfWiCK9_5hMbY0e3Lv41UXjeiz5wQL5YVHtH-LYTvh5VOuip7Fsz8CKBrsJpXXV7Uk4CfrgOupNCcQHWfb2AmLE&__tn__=%2CO%2CP-R,2023-08-10 12:40:00,,N/A,N/A,"{'Like': 6000, 'Haha': 1200}"
Wayne Ong Chun Wei,https://www.facebook.com/permalink.php?story_fbid=pfbid02pGAMjuYmBtqcfoB9dviJvfEW4iCYjtHKiG9sr2ssnp1YrAW3WEuUahVRuJD9jewxl&id=100095001407478&__cft__[0]=AZV3lhgFH0EESPUPdD2hcJ_rFEuVepYMYq71_NQ5CIVzcnCJzGU2q2D0jsM9WQh36ZuaiI89rPKqTuy2qLYWfiO24eDiwK0F2lz7_T17BA-m206nf1lcLfYznZJ1hsiB8PtxhM4J6wWM3gKi8ZLvaKjzKRHkXoy2PuKb7TpiEZuqelZfln1ILKAqsPwHhHdCxUo&__tn__=%2CO%2CP-R,2023-08-10 10:29:00,"ï¼ˆEnglish belowï¼‰
ä¸‹é›¨åˆå¦‚ä½•ï¼Ÿé›¨æ·‹ä¸ç†„æˆ‘ä»¬æå«é›ªå·çš„ç«ï¼
æ˜¨æ™šæ˜¯æ— æ‹‰æ¸¯å·è®®å¸­ç«é€‰çš„æœ€åä¸€åœºæ”¿æ²»æ¼”è®²ï¼ŒååŠæ®µæ—¶é—´åœ¨ä¸‹é›¨ï¼Œä½†æ˜¯æˆ‘çš„å‰è¾ˆå’ŒåŒå¿—ä»¬ä¾ç„¶ä¸ºæˆ‘ç«™å°ï¼Œæˆ‘çš„ä¹‰å·¥ä¼™ä¼´ä»¬ä¹Ÿåœ¨åšå®ˆå²—ä½ã€‚
æœ€ä»¤æˆ‘æ„ŸåŠ¨çš„æ˜¯é‚£äº›ä¸€ç›´é™ªä¼´æˆ‘ä»¬ï¼Œç›´åˆ°æœ€åçš„æ— æ‹‰æ¸¯é€‰æ°‘ã€‚æ­£æ˜¯æ‚¨ä»¬çš„è¡ŒåŠ¨æ¿€åŠ±ç€æˆ‘ï¼Œä½ ä»¬çš„æ”¯æŒå’Œä¿¡ä»»æˆäº†æˆ‘çš„åŠ›é‡ã€‚
8æœˆ12å·ï¼Œå‘¼æœ‹å¼•ä¼´å‡ºæ¥æŠ•ç¥¨ï¼Œæˆ‘ä»¬ä¸€èµ·ä¸ºå¸Œç›ŸæŠ•å¤šå¤šç¥¨ï¼
Last night marked the finale campaign in Balakong constituency. Despite the weather, the unwavering support of my predecessors and teams inspired me. Their dedication in rain and the commitment of my volunteers touched me deeply.
Yet, it's the Balakong citizens who stood by us till the end that truly moved me. Your actions fuel my determination. With your support, I stride forward with resolve, working to achieve our shared vision.
On August 12th, gather your friends to vote. Together, we'll shape a brighter future!
#æ‚¨çš„ä¸€ç¥¨å¾ˆé‡è¦ #å«ä¸Šäº²æœ‹å¥½å‹ä¸€èµ·æ¥æŠ•ç¥¨
#MalaysiaMadani #KitaSelangor #Jommengundi #BalakongAdaOng #N27 #Balakong #N27Balakong #PRNSelangor
",1 comment,4 shares,{'Like': 49}
Wayne Ong Chun Wei,https://www.facebook.com/permalink.php?story_fbid=pfbid02zsnAcLzLQTwjfepQp7iFzTG2Xdx5V2M1mCS3sQwt2iJNgsYHXpzB9LaFrwGFQLKCl&id=100095001407478&__cft__[0]=AZUNq47pmHeRChEg2WPGMD1g2t2sGkJDgE5JFiaPBOX7YXz6h6uJtDb7dQIymBUzU5sfE2KWnvcn6wXRFzG2-lZ6VospeIT3WWWoufwgJpuOuQb5SAdRJYdF5dI4L9KUOl6F_ETJXnU-t5XqFwqZPwfkYWiX16yalgntnbP2gZJ0b0x9zEaGtuLNNCECutt2Aq4&__tn__=%2CO%2CP-R,2023-08-09 23:00:00,"Hari Ke-13 berkempen
Jom berjumpa di acara Meet & Greet dan Grand Finale Kita Selangor kami! Mari kita berkenalan bersama dan mendengar aspirasi kita bagi Negeri Selangor 
.
ä¸çŸ¥ä¸è§‰æ˜å¤©å°±æ˜¯ç«é€‰æœŸçš„ç¬¬13å¤©ï¼ä¾ç„¶ä¼šèµ°å…¥ç¤¾åŒºï¼Œå°½å¯èƒ½è®©é€‰æ°‘çŸ¥é“è°æ˜¯ç‹ä¿Šä¼Ÿã€‚
æ™šä¸Šå°†å‡ºå¸­é›ªå·çš„å‹è½´é€ åŠ¿æ´»åŠ¨ï¼Œæœ‰å…´è¶£çš„æœ‹å‹å¯ä»¥è·Ÿéšæˆ‘åˆ°ç°åœºå»å“¦ï¼
#jommengundi #æ‚¨çš„ä¸€ç¥¨å¾ˆé‡è¦ #å«ä¸Šäº²æœ‹å¥½å‹ä¸€èµ·æ¥æŠ•ç¥¨ 
#MalaysiaMadani #KitaSelangor #5Tekaduntuk5Tahun #BalakongAdaOng #N27 #Balakong #N27Balakong #PRNSelangor
",1 comment,7 shares,{'Like': 27}
Wayne Ong Chun Wei,https://www.facebook.com/permalink.php?story_fbid=pfbid0hKwauU7sbUE44o7uZ3ZdjQPwxkGVKJkAscr4zMrm7tm3emWkagGoGJnvziGYvbWUl&id=100095001407478&__cft__[0]=AZWvsN4EPUaVgTZDeWXF6FThlIKsZqEfsUiYybCKIAKm91WuC83lkTgug4PdqyxtvCB_TyR6I3cLU14MpTDm5QZMB7QJrGFxaaprjfsA9TbYwp9Jcc7T-NFeM7kHs80pXZ7s48ToI9pBzd3o3QhvX9ORpt7wmR8rwzaRIyVOyWEOx1_p5FX2lbrF52IAM6E0Hzk&__tn__=%2CO%2CP-R,2023-08-09 15:02:00,"Sekitar kunjungan ke kawasan-kawasan DUN Balakong. Selain daripada berjumpa dengan warga-warga Balakong, kami juga ingin mendengar dan melihat sendiri isu-isu setempat.
é™¤äº†åˆ°æ— æ‹‰æ¸¯å„åœ°æ‹œç¥¨ä¸å±…æ°‘è§é¢å¤–ï¼Œæˆ‘ä¹Ÿé¡ºä¾¿è†å¬å’Œè§†å¯Ÿå½“åœ°çš„è®®é¢˜ã€‚
#æ‚¨çš„ä¸€ç¥¨å¾ˆé‡è¦ #å«ä¸Šäº²æœ‹å¥½å‹ä¸€èµ·æ¥æŠ•ç¥¨
#MalaysiaMadani #KitaSelangor #Jommengundi #BalakongAdaOng #N27 #Balakong #N27Balakong #PRNSelangor
",3 comments,4 shares,{'Like': 46}
Wayne Ong Chun Wei,https://www.facebook.com/permalink.php?story_fbid=pfbid02qrzPgwS6TpUhQmT3MhwEsWCsgKAJ79ERBfunEUgGjUksz8MWPZeHwAugesvux6mTl&id=100095001407478&__cft__[0]=AZVtLFitKUvOCESd6_UZK4yBdqzvOkmKINGigQNaLq6fYU61fS-xtokZ2frFb1SI3IRXNjJWQ4hYN4SqBjACKmwLsz0YxJFBXb1nxf-L3dOfVUurhi9WKYykdoUCTwVY-NCQg7AgtZPpYHAes63hFIc7hnayAuE4wB-PB1q773Tk_bWNzeWgcpKnyNQ6OYcNk2w&__tn__=%2CO%2CP-R,2023-08-09 12:15:00,"ğ™‚ğ™Š ğ™ğ™€ğ™‡ğ™‡ ğ˜½ğ™ğ™Šğ™ğ™ƒğ™€ğ™!!!
æˆ‘å€‘ä¸€èµ·å‡ºä¾†æŠ•ç¥¨
ğ‚ğğ”ğğ“ğˆğğ† ğƒğğ–ğ ğˆğ ğŸ‘ ğƒğ€ğ˜ğ’!
Ayuh bro, 12 Ogos 2023 kita keluar mengundi ya.
#Jommengundi
#MalaysiaMadani #KitaSelangor #5Tekaduntuk5Tahun #BalakongAdaOng #N27 #Balakong #N27Balakong #PRNSelangor
",4 comments,N/A,{'Like': 43}
Wayne Ong Chun Wei,https://www.facebook.com/permalink.php?story_fbid=pfbid02uEuvSXRmxP7DGKRvxMGHaqPw2PaGykMvfAyD5DxkF3TawJyzaVx3SawcarusUKGxl&id=100095001407478&__cft__[0]=AZUNIqnOYik6Zlw5mMPBLwYGo3FYeLVuXTPTvUqfOm9DB08I0Rpine5lVtj2DBK7V2rx4xL5zlQ38M28TgUvfVFPsyDjsYtXsW2MNccnAdeROnoiY_ClInem5k4ezE7ye3wQ340AuwAG7nUIA8AFhQiws1VmUA34D-eSGxKlj_omx-4P_tCsuLXfzkdJafAoLYs&__tn__=%2CO%2CP-R,2023-08-08 21:32:00,"Masa berlalu amat cepat, dah masuk hari ke-12. Jom sama-sama menyertai kami hari esok dan pada waktu malam ada Ceramah di Cheras Trader Square. Jangan lepaskan Ceramah Umum terakhir di Balakong! Mari kita bangkitkan semangat pilihan raya negeri!
æ˜å¤©ç»§ç»­å†²åˆºã€‚æ˜æ™šå°†ä¼šæ˜¯æ— æ‹‰æ¸¯æœ€åä¸€åœºæ”¿æ²»æ¼”è®²ï¼Œèµ°è¿‡è·¯è¿‡ä¸è¦é”™è¿‡ï¼Œä¸€èµ·æ¥æ„Ÿå—å·é€‰çš„æ°”æ°›å§ï¼
#æ‚¨çš„ä¸€ç¥¨å¾ˆé‡è¦ #å«ä¸Šäº²æœ‹å¥½å‹ä¸€èµ·æ¥æŠ•ç¥¨
#MalaysiaMadani #KitaSelangor #Jommengundi #BalakongAdaOng #N27 #Balakong #N27Balakong #PRNSelangor
",3 comments,9 shares,{'Like': 17}
Wayne Ong Chun Wei,https://www.facebook.com/permalink.php?story_fbid=pfbid02EC7ZqbjZRpxXFoJdgFgmPYxYKGdPDVwcFk8r3Nva1HRdRvS1RhoMHVWcyWvyogu2l&id=100095001407478&__cft__[0]=AZU2xHZFvgPRUCqgiuX-OH_8idpOmIoOgk1RADsdFPvVOWSR-b1oMsgsj6f6hyWfU_-vs-x6vRobc-Y0gd-iIBsYmWE2kRXOQsznrN34OP9a29Nub9EECYfrfOW2EWub02t0Is8XofqoyqH5I7P_TNPRCVLj-Mpusf_kFSc_oU4yzxpyVVa4noqJWXpUUDllh-Q&__tn__=%2CO%2CP-R,2023-08-08 17:35:00,"Demi perpaduan, kestabilan dan kemakmuran, kita bina bersama.
#MalaysiaMadani #KitaSelangor #Jommengundi #BalakongAdaOng #N27 #Balakong #N27Balakong #PRNSelangor
",6 comments,N/A,{'Like': 52}
Wayne Ong Chun Wei,https://www.facebook.com/permalink.php?story_fbid=pfbid02hHkqnC8DbbkYKY16HGwS5HA2efXadUABcqHQNzbYxQSmW5BYXQwESfnh9pXJpTNSl&id=100095001407478&__cft__[0]=AZU49AlUFVA1rV8RyBcWE_XUKgBote_gcZP2Q6iPEnF78emZq3UQMllnBo55PnSStWWEWk30EmcVX0MveZ5xl8Q4-vuALz77P401Cc-4P-VsV1LBxi7LpDEmgN25spWbWrKk36e7XVBuQORHo0_yog4ZYbTbZQ0qgUAq9b6Xe2drXvhwlbQlNT4XVG5-w_otmJ4&__tn__=%2CO%2CP-R,2023-08-08 12:36:00,,N/A,N/A,"{'Like': 123000, 'Haha': 18000}"
Wayne Ong Chun Wei,https://www.facebook.com/permalink.php?story_fbid=pfbid0uiYZCFv27376dzJsRp4Qmc2tB387ebr5kdC1DzeGVjni1XtPUrBLGjJSUQskTyXNl&id=100095001407478&__cft__[0]=AZUUWvc50l04dSX-9VNxj7sAJtyhjNIoqTlyJo_eaaXeBPW65kVesBpjCK_0PBXxwAhaUafcyQWFCVJ7GVT5JKg7fFuOEfKEmPy0Qh9tzogh1TLa8ykhlXHRv6tvjKi9YzuaW-eOnEjTOt3205Ra7lgUXGzOkBfiEW_6Xid17k7varmEdC380dxk89z0h8cpRsE&__tn__=%2CO%2CP-R,2023-08-08 11:15:00,"å€’æ•°4å¤©ï¼è¿™æ˜¯æœ€åä¸€åœºæ— æ‹‰æ¸¯æ”¿æ²»æ¼”è®²äº†ï¼èµ°è¿‡è·¯è¿‡ä¸è¦é”™è¿‡ï¼Œä¸€èµ·æ¥æ„Ÿå—å·é€‰çš„æ°”æ°›å§ï¼
Counting down 4 days! Don't miss out on the final political speech in Balakong! Let's stir up the state election fervor!
#MalaysiaMadani #KitaSelangor #Jommengundi #BalakongAdaOng #N27 #Balakong #N27Balakong #PRNSelangor
",7 comments,11 shares,{'Like': 45}
Wayne Ong Chun Wei,https://www.facebook.com/permalink.php?story_fbid=pfbid02NNjwWPp6821aV8hp9uhyYLHGmQo3NqZKZqEbVaCVKQwibBjXFBtAtBzuUeW19WDol&id=100095001407478&__cft__[0]=AZWKGS-X8cltvtNv_ZVbiNtcZliuN-LGBNZnokyH7TOCU34-2EQUfh0oe7OYYomEYZtZ8DfdUbqoMuQYAKX34yNYJdG8zUVrmC7BP1ePPEwl7pPYR7A9uVuuJFwuFEQMi8oDKg_B0uKcG7O7xwYuwaKcoQKp-htmcOGFYhknbVmzny4V_PjK-p-k6jlPRluaTMw&__tn__=%2CO%2CP-R,2023-08-08 10:57:00,"ğ‘®ğ‘¶ ğ‘»ğ‘¬ğ‘³ğ‘³ ğ‘®ğ‘¹ğ‘¨ğ‘µğ‘«ğ‘·ğ‘¨!!!
å·é€‰å€’æ•°4å¤©ï¼Œä¸€äººæ‹‰ä¸€ç¥¨ï»¿ æ²’ä»€éº¼æ¯”æŠ•ç¥¨æ›´é‡è¦ï¼
 æ”¾ä¸‹æ‰‹è¾¹çš„äº‹ï¼Œä¸€èµ·å›å®¶æŠ•ç¥¨å§ï¼
ğ‚ğğ”ğğ“ğˆğğ† ğƒğğ–ğ ğˆğ ğŸ’ ğƒğ€ğ˜ğ’!
Every vote counts! There's nothing more important than voting.
Set aside your tasks and let's all go home to cast our votes together!
#Jommengundi
#MalaysiaMadani #KitaSelangor #5Tekaduntuk5Tahun #BalakongAdaOng #N27 #Balakong #N27Balakong #PRNSelangor
",10 comments,N/A,{'Like': 28}
Wayne Ong Chun Wei,https://www.facebook.com/permalink.php?story_fbid=pfbid035RrCoAJHN2vUmMFd36DZEvSRhrumxrvLJcohkzYfRRgYc1uueZMRDAQknCVwLrQLl&id=100095001407478&__cft__[0]=AZWTvqR2loEVXiFl9vpkCUy8k9DqOoy8s1sRcvau_AapJF2B-lcWt83srKyLxqHU0bBXtI7fanEyLNW76Ysa9n0WUPPf1sQyXCQ_OIVpfKX2rWDD71MPhJWtCNUPHyGTzC0Lr33p2Sxi2LY5SzTdBHpELGGXIhTba_SuU6S0h-6n_oTEILssPSQZy61tSa2lU04&__tn__=%2CO%2CP-R,2023-08-07 20:54:00,"Telah masuk minggu kedua tempoh Kempen Pilihanraya Negeri. Seperti biasa, kita mulakan perjalanan rutin dengan berjumpa penduduk-penduduk setempat. Saya juga mengambil masa untuk meninjau keadaan undi awal.
Ayuh semarakkan #ArusMerahKuning dengan semangat #KitaSelangor . Perpaduan demi Kestabilan dan Kemakmuran!
ç«é€‰10å¤©ï¼Œæ˜å¤©åšä»€ä¹ˆï¼Ÿå½“ç„¶æ˜¯ç»§ç»­è§é€‰æ°‘ï¼æ˜å¤©ä¹Ÿä¼šå»è§†å¯Ÿundi awalçš„æƒ…å†µï¼Œä¹‹åç»§ç»­åœ¨æ— æ‹‰æ¸¯è¶´è¶´èµ°ï¼
#MalaysiaMadani #KitaSelangor #Jommengundi #BalakongAdaOng #N27 #Balakong #N27Balakong #PRNSelangor
",3 comments,4 shares,{'Like': 39}
Wayne Ong Chun Wei,https://www.facebook.com/permalink.php?story_fbid=pfbid0YSaatKAWTZfVSm3VQiC44zDmYJxGwzJC3zbWWQckqZn2od7reL2KUHRC3PXUXNGxl&id=100095001407478&__cft__[0]=AZVMXsxgxsw2BaDmHrXPpRFxdar1RYTVwARupYF6yKCrRzW_0pAOH6CKriiQjBgRbjJSKgyT_fglauiZuf6Bo-1FvqwZK5-ITM13fm-sqkwoI-ZQDoIRrGfk1z5fkkX2Yp2fktdsHppURg3yQhX4sB-OkqTBax00EAmyvYKYxU5TSdJQEgluDCSGtRTWNziRSRc&__tn__=%2CO%2CP-R,2023-08-07 19:35:00,"Ceramah semalam telah mendapat sambutan yang agak menggalakkan dengan kehadiran ribuan penduduk di sekitar. Saya berterima kasih kepada pemimpin-pemimpin serta rakan-rakan seperjuangan saya yang turut hadir dan berkempen untuk saya khususnya Setiausaha Agung DAP dan sifu saya Ng Sze Han. Saya menghargai para penyokong yang sudi hadir ke ceramah kami.  Ong menyusun sepuluh jari dan memohon sokongan semua untuk memilih Pakatan Harapan pada 12hb Ogos 2023.
æ˜¨æ™šåœ¨é”¡ç±³å±±ä¸¾åŠçš„æ”¿æ²»æ¼”è®²ï¼Œæˆ‘æ„Ÿå—åˆ°å¤§å®¶å¯¹å¸Œç›Ÿå¯¹æˆ‘çš„æœŸæœ›ï¼
è¿™åœºæ¼”è®²ä¸ä½†æ¥äº†å‡ ç™¾äººï¼Œä¹Ÿæ¥äº†å¤šä¸ºé‡é‡çº§é¢†è¢–ã€‚
å½“è¡ŒåŠ¨å…šç§˜ä¹¦é•¿ Anthony Loke Siew Fook ä¸ºæˆ‘ç«™å°ï¼Œå‘¼åå¤§å®¶æ”¯æŒæˆ‘æ—¶ï¼Œæˆ‘å¿ƒé‡Œæ˜¯æ¿€åŠ¨çš„ï¼Œå¿ƒé‡Œæƒ³ç€ä¸€æ—¦ä¸­é€‰å°±æ˜¯é©¬ä¸ŠæŠ•å…¥æœåŠ¡ã€‚
å½“æˆ‘çš„å¸ˆçˆ¶ é›ªå·è¡Œæ”¿è®®å‘˜ Ng Sze Han é»„æ€æ±‰ï¼ˆåŒæ—¶æ—¶é‡‘éŠ®å·è®®å¸­å€™é€‰äººï¼‰å‘å¤§å®¶ä»‹ç»å’Œä¿è¯æˆ‘æœ‰èƒ½åŠ›åšå¥½äººæ°‘ä»£è®®å£«æ—¶ï¼Œæˆ‘å¿ƒé‡Œæ˜¯æ„Ÿæ©çš„ï¼Œå› ä¸ºæ²¡æœ‰è¿™ä½è‚¯æ”¾æ‰‹è®©æˆ‘å­¦ä¹ æˆé•¿çš„å¸ˆçˆ¶ï¼Œæ²¡æœ‰ä»Šå¤©çš„ç‹ä¿Šä¼Ÿã€‚
8æœˆ12æ—¥ï¼Œå¸Œæœ›èƒ½é€šè¿‡å¤§å®¶æ‰‹ä¸­çš„ä¸€ç¥¨ï¼Œè®©æˆ‘æœ‰æœºä¼šæ¥å›æŠ¥å¤§å®¶ç»™äºˆçš„æœŸæœ›å’Œæ”¯æŒï¼
#MalaysiaMadani #KitaSelangor #Jommengundi #BalakongAdaOng #N27 #Balakong #N27Balakong #PRNSelangor
",4 comments,2 shares,{'Like': 69}
Wayne Ong Chun Wei,https://www.facebook.com/permalink.php?story_fbid=pfbid06ASf2eSiHtJKiqtFrsy7XWTejdiyJwE21codmCY3DuBaLeanudoxR5gvG6Pzaeuxl&id=100095001407478&__cft__[0]=AZWkn0kHuoule5T5On_L4iqr4ESQuXLYZ5O0m_a6KgJKY0Iuxn2PZ4NrYfwqkA196n-0OvkcEvNTdKDApsFm913CfeSBfdg2etJIJUuokp1Zwt0yq5Q2y-tUmH8CmUig01JYu5Q1lhJhaVeTn6JBbMv9gJy-iF051mvtKbmSpavls68_0MGwBOwQ0Q7Y-Xgb_tg&__tn__=%2CO%2CP-R,2023-08-07 14:55:00,"ğ‘®ğ‘¶ ğ‘»ğ‘¬ğ‘³ğ‘³ ğ‘®ğ‘¹ğ‘¨ğ‘µğ‘«ğ‘´ğ‘¨!!!
COUNTING DOWN IN 5 DAYS!
#Jommengundi
#MalaysiaMadani #KitaSelangor #5Tekaduntuk5Tahun #BalakongAdaOng #N27 #Balakong #N27Balakong #PRNSelangor
",2 comments,3 shares,{'Like': 73}
Wayne Ong Chun Wei,https://www.facebook.com/permalink.php?story_fbid=pfbid0eJ1EeCt3q9ZtTrDM18PDiJttuwG9UVuCnFk1p32B1BGA5JAECceHXMTrYTasTstRl&id=100095001407478&__cft__[0]=AZVUveFlI26bYx18fGDAcjd2kpO-tyAkfc3jo45ls5hD5R5mzf051jJfPPCy-m9B4plkgsPxcy52er6Tj_whOJImdF_yXIJLLC_UQwDvgPDW0QlVwP_HC2-puXD-wAnwgBmEr0NTikvz0fnxYisTtWSuL2EkvsgRMji5YBIV0hBrBErsKxJ2kxFoOmzZqH-jhGI&__tn__=%2CO%2CP-R,2023-08-07 12:45:00,"Get to know and dialogue session with Indian community residents at Sri Maha Mariaman Temple and Nageswari Temple. I appreciate any views and suggestions that have been expressed.
#MalaysiaMadani #KitaSelangor #5Tekaduntuk5Tahun #BalakongAdaOng #N27 #Balakong #N27Balakong #PRNSelangor
",1 comment,1 share,{'Like': 31}
Wayne Ong Chun Wei,https://www.facebook.com/permalink.php?story_fbid=pfbid02JtvN5s4aVdZ4FVawzL4mvBQAWsoRfH3VLhuLrhjw2yJKS6qGU6ve5qJEhj4yUoBUl&id=100095001407478&__cft__[0]=AZXXNaV6dG_XJ8_Bd9B32b_W6SPwSmRwXy7ax7HN9-q8IFMk8Xw4ALWzt8d6wSP8IKKKlUB6RgkfjX5lcrNhcVYGNnCN9VVmQiDkznWH_gPnu0hmARnlQkky185fn6Oh0rD7IiwpteBrgAd4XsZA3s627Gg1PxvCn8HFPuZ5-YV5L8hTLTuzH8ZvviSNc1NHVGQ&__tn__=%2CO%2CP-R,2023-08-06 15:50:00,"Hari ini Bilik Gerakan Utama Pakatan Harapan Balakong menerima kunjungan ""tetamu khas""- Ong kecil
ä»Šå¤©ç«é€‰ä¸­å¿ƒæ¥äº†ä¸€ä½ä¸é€Ÿä¹‹å®¢ï¼Œæˆ‘çš„å°ongï¼çˆ¸çˆ¸è¿™æ®µæ—¥å­å°‘é™ªä½ äº†ï¼Œä½ å´é•¿å¤§äº†ï¼
#BalakongAdaOng
",5 comments,5 shares,{'Like': 127}
Wayne Ong Chun Wei,https://www.facebook.com/permalink.php?story_fbid=pfbid035JCozyU4NtNQ3v1JKYVrzTW7NS8SiHDCru52BvPeRkwGdJ572HMKJdUYK6qefhril&id=100095001407478&__cft__[0]=AZUARlVdhLSwXa96dS-N5O_NIdbOiY6uzPevLmY7QHozxqmc3t_K20G5ne00yt_zp0mndqRtzT8pm0kJCOf6tQ_cx4LwTM_eA-tVJJr7Jg4PNi6_G10IqnyAC8zqeWvY4CdjnDVCs-ca_TSkAe0yJnqQQlHQY1w4Cd_6Bt3_saYCGWzoW-lV02dZe9fJr4tyf1s&__tn__=%2CO%2CP-R,2023-08-06 12:00:00,"ğ‘®ğ‘¶ ğ‘»ğ‘¬ğ‘³ğ‘³ ğ‘·ğ‘¨ğ‘·ğ‘¨!!!
COUNTING DOWN IN 6 DAYS!
#Jommengundi
#MalaysiaMadani #KitaSelangor #5Tekaduntuk5Tahun #BalakongAdaOng #N27 #Balakong #N27Balakong #PRNSelangor
",3 shares,N/A,{'Like': 48}
Wayne Ong Chun Wei,https://www.facebook.com/permalink.php?story_fbid=pfbid02M2ezoVBELaneJtADfLU5NCvZJe9tt9CykAS8mRYyGESmtBi5xfDbzJib55fBdtf4l&id=100095001407478&__cft__[0]=AZWklafzLVmqgOg9XVyNSA7ataMTi7_AH6b8gG55ntVNj21syXeRaqGRjdqX0iU89FD6yjKtk-QDH1HnVfTlrtXL2-bVptRgJaMXKL8VH4SghcQamyw7pJIS5XcbFpWIOiuqxwVG16XQ13ZaUY1EwuHfwF1ERYc7jexxvPRFRmqthqnqgWGYI7kgiL34aMDu58k&__tn__=%2CO%2CP-R,2023-08-05 22:41:00,"GO TELL MAMA!!!
#Jommengundi
#MalaysiaMadani #KitaSelangor #5Tekaduntuk5Tahun #BalakongAdaOng #N27 #Balakong #N27Balakong #PRNSelangor
",3 comments,8 shares,{'Like': 98}
Wayne Ong Chun Wei,https://www.facebook.com/permalink.php?story_fbid=pfbid0eJ7YbAzivQ5b5HyNR8f6TNCRa7EYP2VYt5hFtX7ZQULNP74TeEQ72JkxtAXExg8Al&id=100095001407478&__cft__[0]=AZVpfLTFXWOoM1OQ74ZZfKXg9SqzsPzOViWdYZBVOsoiiMZxA9NflcCzYsVsTxmwBqedOXPgE8j894z09zlr-CZLGh05sMaYYAtnDleBdwEL5nAz4PXqAz-AqEEhiPcMQWSQEo8cMo-LrXwPdSOKr0BrCHFPpqOqBXXUtiKEO9rF1aNufs3mo3rYMzQJx7bO6Ug&__tn__=%2CO%2CP-R,2023-08-05 21:31:00,"Sekitar program kejohanan futsal Piala Perpaduan  JPNIN anjuran Hulu Langat. Begitulah semangat anak-anak muda yang kita hendakkan, badan cergas dan memanfaatkan masa lapang dengan kegiatan yang sihat.
#MalaysiaMadani #KitaSelangor #5Tekaduntuk5Tahun #BalakongAdaOng #N27 #Balakong #N27Balakong #PRNSelangor
",5 comments,1 share,{'Like': 71}
Wayne Ong Chun Wei,https://www.facebook.com/permalink.php?story_fbid=pfbid02x1ZXytHMRthuY55gxiF6KtHyg5t5HZ5x2cmZRuugyMG3xFVCbxmf9Lh6dF8H1YAml&id=100095001407478&__cft__[0]=AZU9sIza_a8WTrTvsqOdtjAUBX0HbL8sLfEq0vkmyQqJL0jSA5TStq6DMnaZqokv71zcvZLJd10YgIAyd84urMRxCvwtHR09eeHV0iN6-Kf9sGnVh8M4TnKMLw9UgBE257DbPbBb2MRoHvkOXL0rJZhL3f31Bh54n3Gz4l6BlaHLCz03VLEHp1Vw8qPY7UuwGn4&__tn__=%2CO%2CP-R,2023-08-05 19:15:00,"Jadual pada hari esok ( Ahad - 6 Ogos 2023).
Saya berharap dapat berjumpa dan beramah mesra dengan penduduk di sana dengan lebih dekat lagi.
Jumpa anda di sana!
æˆ‘æ˜å¤©æ—©ä¸Šä¼šåœ¨æ— æ‹‰æ¸¯æ–°æ‘çš„åéš†å’–å•¡åº—å¼€è®²ï¼Œå‚æ™šä¼šåˆ°Trader Squareè·Ÿå¤§å®¶æ‰“æ‹›å‘¼ã€‚æˆ‘ä»¬æ˜å¤©è§ï¼
#MalaysiaMadani #KitaSelangor #5Tekaduntuk5Tahun #BalakongAdaOng #N27 #Balakong #N27Balakong #PRNSelangor
",2 comments,1 share,{'Like': 26}
Wayne Ong Chun Wei,https://www.facebook.com/permalink.php?story_fbid=pfbid0AkG6DB7FnWMR8Np84uTwth6ai4dd5nmadxAU2iPootTCAaZPGm5P5h1zXKbmvL3Rl&id=100095001407478&__cft__[0]=AZVEce1Y1WM5JMLTUXe_qjkLUS5Y2_g-2sR4A9pxC5QEIllh5WFIVUVb25rxJxIKmr4aqxLJyeKUuvViyLINcBLBbSFvHfxYnxSv0hxB2a1P5T52Id3TnVUXnHOCkZPgqfTcJEVmFxHzXmqqE4Ykii9gmsrTtROU3nNKeWp8KzbwWpDU3AxfwJPHirmc4YxVr3g&__tn__=%2CO%2CP-R,2023-08-05 17:02:00,"è¶…çº§æ˜ŸæœŸå¤©ï¼Œæˆ‘ä»¬ç›¸çº¦åœ¨é”¡ç±³å±±ï¼
See you guys on Sunday in Kampung Baru Sungai Chua.
Anthony Loke Siew Fook Ng Sze Han é»„æ€æ±‰ Yeo Bee Yinï¼ˆæ¨ç¾ç›ˆï¼‰ Ganabatirau Veraman Kerk Chee Yee éƒ­å­æ¯… Phoong Jin Zheï¼ˆå†¯æ™‹å“²ï¼‰ Vivian Wong é»„è¯—æ€¡  Wong Siew Ki ç‹è©©æ£‹ David Cheong å¼ ç·æ´‹
#MalaysiaMadani #KitaSelangor #5Tekaduntuk5Tahun #BalakongAdaOng #N27 #Balakong #N27Balakong #PRNSelangor
",1 comment,13 shares,{'Like': 42}
Wayne Ong Chun Wei,https://www.facebook.com/permalink.php?story_fbid=pfbid02YLF7n6rKLiVkt8AJAtB4qfoZZVKN3KRjCNrKL9jvNpDNc5S3D2WCWhqbLrpenHQtl&id=100095001407478&__cft__[0]=AZU6E1ENYiEGMf9cIS4KoklByloqlQV-c5xBVb6KoQwYGGxNnCtEiP3F9maaE_9-7LtOvxE8BPD91WP20EsFvTl7FWaT6UeXOUhA8YSSxhf6RwmksUWMAXwdiwXLDp7VtibEer9BpEKENzseAl7bOViGc1ei3IJbMR_RLkbTVGI80usiXp6H_cgak9Pwi62D6zb7hP1W98mcQhf1dSjYJUc5&__tn__=%2CO%2CP-R,2023-08-05 15:53:00,"æˆ‘æ˜¯N27æ— æ‹‰æ¸¯å€™é€‰äººç‹ä¿Šä¼Ÿã€‚
8æœˆ12å·ï¼Œçº¦å®šæ‚¨å‡ºæ¥æŠ•æˆ‘ä¸€ç¥¨ã€‚è®©æˆ‘æœ‰æœºä¼šæœåŠ¡æ— æ‹‰æ¸¯çš„é€‰æ°‘ã€‚
#MalaysiaMadani #KitaSelangor #5Tekaduntuk5Tahun #BalakongAdaOng #N27 #Balakong #N27Balakong #PRNSelangor
ã€æˆ‘è¦å½“YBã€‘åˆæ¬¡ä¸Šé˜µå·é€‰çš„å¸Œç›Ÿæ— æ‹‰æ¸¯å·å¸­å€™é€‰äººç‹ä¿Šä¼Ÿï¼Œè‡ªè®¤æ˜¯å¹´è½»æœ‰å¹²åŠ²ã€â€œæœ‰ç»éªŒçš„æ–°äººâ€ï¼Œå¹¶æ‰¿è¯ºä¼šè¯šå¿ƒæœåŠ¡å¤§ä¼—ã€‚
ç‚¹çœ‹å½±ç‰‡å¬å¬ç‹ä¿Šä¼Ÿçš„æ‹œç¥¨å¿ƒå¾—ï¼
é€è¿‡ã€Šå½“ä»Šå¤§é©¬ã€‹å·é€‰ç‰¹åˆ«ä¼åˆ’ï¼Œå¸¦ä½ çª¥æ¢å€™é€‰äººçš„æ‹œç¥¨æƒ…å†µï¼Œäº†è§£å€™é€‰äººæœ‰ä»€ä¹ˆè¯æƒ³å¯¹é€‰æ°‘è¯´
#å½“ä»Šå¤§é©¬ #malaysiakini #æˆ‘è¦å½“YB
#ç‹ä¿Šä¼Ÿ #æ— æ‹‰æ¸¯ #å…­å·é€‰ä¸¾
è¿½è¸ªå½“ä»Šå¤§é©¬
Instagramï¼š@mkini_cn
www.instagram.com/mkini_cn
Tiktokï¼š@mkini_cn
www.tiktok.com/@mkini_cn
",6 comments,7 shares,{'Like': 37}
å½“ä»Šå¤§é©¬ (Malaysiakini Chinese Version),https://www.facebook.com/mkinicn/posts/pfbid02E7RDp7vMM9bsVrpKQmc5NuXkoke7MyUZdL1MwEHm1ytoPJLQbca1dNRUsVpHNGEPl?__cft__[0]=AZU6E1ENYiEGMf9cIS4KoklByloqlQV-c5xBVb6KoQwYGGxNnCtEiP3F9maaE_9-7LtOvxE8BPD91WP20EsFvTl7FWaT6UeXOUhA8YSSxhf6RwmksUWMAXwdiwXLDp7VtibEer9BpEKENzseAl7bOViGc1ei3IJbMR_RLkbTVGI80usiXp6H_cgak9Pwi62D6zb7hP1W98mcQhf1dSjYJUc5&__tn__=%2CO%2CP-y-R,2023-08-05 13:04:00,,N/A,N/A,"{'Like': 34000, 'Haha': 9700}"
Wayne Ong Chun Wei,https://www.facebook.com/permalink.php?story_fbid=pfbid02PQb5HTQasRVHsCjjnCAQ7NNFxh8R67iHvgQi5L3fAETuStLw8G7mC7uNECLNWk1hl&id=100095001407478&__cft__[0]=AZU028NoME7hIIrloeCbFyFeWE2ky1_SVCSqFfD7kOAugRWrwbiyTFfsgWgIZlMQx_g3mKwCSf2JY3MkKkfQFtwbFcIP-ZuElM5q7fFuhZFB01UVV05aa8Hez9Punydau6TTHlNfynDVke1xiQ_Cj26_Dl3nG-4TxZUfH0iX9ZvfUHG3351bwsYLP74vdg8HXbE&__tn__=%2CO%2CP-R,2023-08-05 12:40:00,"æ˜å¤©çº¦ä½ ä¸€èµ·å»å’–å•¡å®¤æ”¿æ²»å¼€è®²ï¼Œè¾¹å–å’–å•¡è¾¹å¬å¬å‡ ä½é¢†è¢–åˆ†æå½“ä»Šå›½å®¶å±€åŠ¿å’Œé›ªå·æœªæ¥å‘å±•ã€‚
Join us for a delightful coffee session with special guests: Yeo Bee Yinï¼ˆæ¨ç¾ç›ˆï¼‰ and Kerk Chee Yee éƒ­å­æ¯… at Wah Loong Restaurant, Kampung Baru Balakong. See you there tomorrow at 8 am! 
Wah Loong Restaurant  https://waze.com/ul/hw2835r1vu
#MalaysiaMadani #KitaSelangor #BalakongAdaOng #N27 #Balakong #N27Balakong #PRNSelangor
",4 comments,5 shares,"{'Like': 28, 'Care': 3}"
Wayne Ong Chun Wei,https://www.facebook.com/permalink.php?story_fbid=pfbid02TvFovHPh5qTBjBxrADhJQ18cFPbZ9rVttKeZ43aXquCpzvKr9EJuRbDf7wNFhwe2l&id=100095001407478&__cft__[0]=AZVbLIKguPspXdoFj28u9P16-6CdXb7nxdtWw6U-MqCXDG1kK4lOpjQGtUTief5kr3dDCLaX6lax_BaEpEKiwcVYC5DJ3I3JbeaDXJZdZrRLTT6TLwN1GWFP4vWgnyiJdpSQG-dh9eMe7p8WBHRK_8eziBe-V1T4RfQo7xKr7J2hHrpazTfn0K9Sf3qIzlBaEPI&__tn__=%2CO%2CP-R,2023-08-04 22:23:00,"Sudah  
 minggu berkempen 
Suasana harini di Kampung Baru Sungai Chua sungguh menggalakkan, terima kasih atas sokongan dan penyertaan semua pada hari ini 
.  Kempen saya tetap akan diteruskan pada hari esok 
. 
Jangan lupa untuk keluar mengundi pada 
 Ogos
ç«é€‰æœŸå·²ç»1ï¸å‘¨äº†ï¼Œä»Šå¤©é”¡ç±³å±±æ–°æ‘çš„æ°”æ°›éå¸¸çƒ­çƒˆï¼Œè°¢è°¢å¤§å®¶çš„æ”¯æŒå’Œå‚ä¸ã€‚ æ˜å¤©ä¾ç„¶ç»§ç»­
ã€‚
åˆ«å¿˜äº†8æœˆ1ï¸2ï¸æŠ•ç¥¨
#MalaysiaMadani #KitaSelangor #5Tekaduntuk5Tahun #BalakongAdaOng #N27 #Balakong #N27Balakong #PRNSelangor
",6 comments,4 shares,{'Like': 43}
Wayne Ong Chun Wei,https://www.facebook.com/permalink.php?story_fbid=pfbid02F48ebf3STdoc3BGYtt3UcXDVGm5u8gVCveux6tK17P5Q1ZkSTNc3fHUK1HBNCnUKl&id=100095001407478&__cft__[0]=AZXCxlzz0a1Mf5Kbd1S3ySwcd4qbw8IrQy6jc92QLbpjU9hbnEjN9BqKatFgUEeXETEjArCXfR9sIeERHjnPXnPjiGJsfjiSM42JnrVIQTcQxUi6-HWhLRz61q8n_Bdnl_a4IgrMhjUEJoJ7VL6dLsvsovUfVA50KcddZjDHv5_s6uH-z86oLxelB9RPn-EdjbY&__tn__=%2CO%2CP-R,2023-08-04 20:03:00,"Bersama-sama kita meriahkan ceramah umum DUN N.27 Balakong! 
 Mari bersatu hati, hadir dan dengar wawasan masa depan untuk negeri kita. Ayuh, datang dan menyokong kami! 
ç«é€‰æœŸå¿«è¿›å…¥ä¸€å‘¨äº†ï¼å†æœ‰æ›´å¤šé‡é‡çº§é¢†è¢–åˆ°æ¥æ— æ‹‰æ¸¯ï¼8æœˆ6å·æ™šä¸Š7ç‚¹ï¼Œæˆ‘ä»¬æœ‰ Anthony Loke Siew Fook Ng Sze Han é»„æ€æ±‰ Yeo Bee Yinï¼ˆæ¨ç¾ç›ˆï¼‰ Ganabatirau Veraman Kerk Chee Yee éƒ­å­æ¯… Wong Siew Ki ç‹è©©æ£‹ David Cheong å¼ ç·æ´‹ï¼Œè®°å¾—æ—©ç‚¹æ¥åƒæ™šé¤ï¼Œå¬æ”¿æ²»æ¼”è®²ï¼
#MalaysiaMadani #KitaSelangor #5Tekaduntuk5Tahun #BalakongAdaOng #N27 #Balakong #N27Balakong #PRNSelangor
",8 shares,N/A,{'Like': 34}
Wayne Ong Chun Wei,https://www.facebook.com/permalink.php?story_fbid=pfbid02CgdtDGC5obVc1B7C5cv1MWm3k5R7253kk58HRm9mjxtBAxoZTU89LCpe7Vg4Q499l&id=100095001407478&__cft__[0]=AZXkVwdkRRLGI7O-D920LdrbuIfwgjaVM3AgHaxS0CtkLcCAQP2y2XfsYiCIQZAJWf1EGDrVNLzQUg8pHy8yyJlxeQLN3XypMVdNo7GQ4UybD_Qszowa3CB5HP2QiLpESVO7L4jtFBeZOAQK7BJgYFW4AeEIVo4IZPwhR9VPQr-_ymq8iOuPZnEV9w9ZBzVmL0g&__tn__=%2CO%2CP-R,2023-08-04 18:33:00,"Menanti untuk mendengar pandangan anda dan berkongsi visi kami untuk masa depan yang lebih cerah bersama-sama. Jumpa esok di walkabout saya!
è¿™æ˜¯æˆ‘æ˜å¤©çš„è¡Œç¨‹,æˆ‘å·²ç»å‡†å¤‡å¥½è†å¬æ‚¨ä»¬çš„æ„è§ï¼ŒåŒæ—¶åˆ†äº«æˆ‘å¯¹æ— æ‹‰æ¸¯æœªæ¥çš„æ„¿æ™¯ã€‚å’±ä»¬æ˜å¤©è§ï¼
#MalaysiaMadani #KitaSelangor #5Tekaduntuk5Tahun #BalakongAdaOng #N27 #Balakong #N27Balakong #PRNSelangor
",1 comment,5 shares,{'Like': 46}
Wayne Ong Chun Wei,https://www.facebook.com/permalink.php?story_fbid=pfbid0emxmCrTFexxVu1gJmjvDnJrpRs4KzH4o6357RxFwT19UY4CVW35PnTo71pKHF7eol&id=100095001407478&__cft__[0]=AZXJayCyNjew0_mLE-OunoMfibF8cJLg43wZQwVb0_nMKRQe_S6_uxjPWClvfNBCNPEz38EV_xHWiy1vyYEZ2Irql6zKhXZr6Qre2vN6d1HLugKfq4-cQTc6eQXBlTGf2682Tys0b7RWpmAFNHuy_rSM0pIYhUQaJuJ41AmqJKsX8PI1ioFrvuH4MQb2TTVRnl4&__tn__=%2CO%2CP-R,2023-08-04 15:47:00,"æ˜æ—©çƒ­æ½®ç¾é£Ÿä¸­å¿ƒç»§ç»­å¼€è®²ï¼Œå’±ä»¬ä¸è§ä¸æ•£ï¼
Don't miss out! Join us tomorrow at 8am in Night Tide Foodcourt. We'll provide updates on the latest political situation. See you there! 
https://maps.app.goo.gl/KbtackZCsR6YjhvG9
#MalaysiaMadani #KitaSelangor #5Tekaduntuk5Tahun #BalakongAdaOng #N27 #Balakong #N27Balakong #PRNSelangor
",2 shares,N/A,{'Like': 44}
Wayne Ong Chun Wei,https://www.facebook.com/permalink.php?story_fbid=pfbid0hkqocuqb6zfHF9eyc5aK6hpuoApwpTRRFUE8eH8ZgxsgBLZEihJTBieCeLgsMUnTl&id=100095001407478&__cft__[0]=AZWQl5R7qyc9YYB7W2gtlFoC6p3PEJEEWvwOWsKOXTxh5zjhelqvPSkg7JKscPFg2Wwj8WZUv4CL4B4VolJGapliPxjLwG3d_Q9BaxwpqI2y0qZXY4oNN_utJaEBSk9zyrD7ZjeN17ER8lJSnKop4joWm8OYFXvdI8Ar7gap-HpIEqZkenbDHYhkcweDecLp9bU&__tn__=%2CO%2CP-R,2023-08-04 10:32:00,"Semangat kami tetap berkobar! 
 Walaupun jadual padat, kami bersungguh-sungguh meneruskan program dari siang 
 hingga malam 
 untuk bertemu dengan masyarakat di DUN Balakong
å¸Œæœ›è”ç›Ÿçš„ç²¾ç¥ç»§ç»­ç‡ƒçƒ§ï¼å°½ç®¡æ—¶é—´ç´§è¿«ï¼Œæˆ‘ä»¬ä¾ç„¶åšæŒä¸€æ­¥ä¸€è„šå°çš„ä¸æ— æ‹‰æ¸¯çš„é€‰æ°‘è§é¢ã€‚
#MalaysiaMadani #KitaSelangor #5Tekaduntuk5Tahun #BalakongAdaOng #N27 #Balakong #N27Balakong #PRNSelangor
",3 comments,2 shares,"{'Like': 49, 'Love': 3}"
Wayne Ong Chun Wei,https://www.facebook.com/permalink.php?story_fbid=pfbid0N9kERVu55bqamMK33vJy8f8ULXu1Cuxnn4WCfPKECqtoseVyvoAeKHQLLd3CbJySl&id=100095001407478&__cft__[0]=AZXg9VjBcIXVkc4l-2qbNmtPyOy81f4qGcMuzxwlhl0anra5onkoCLmmWraRgdI0dWdZGBbBJzhVMyoxsGrbJYktHcL9lOeveEeuqhz6cM88KHlbKXnfuSZHDp4D6JjWHmP_2_KPzDCFp5qsg8IlYOA9np4zaKAODV1pF5iDWTo0RtHuBXX5uguhVDqBX3LyCJE&__tn__=%2CO%2CP-R,2023-08-03 19:17:00,"Penduduk di Sungai Chua, kita jumpa esok.
é”¡ç±³å±±çš„æœ‹å‹ä»¬ï¼Œæˆ‘ä»¬æ˜å¤©ä¼šè¿‡å»ï¼Œå¸Œæœ›å¯ä»¥è§è§ä½ ä»¬å“¦ã€‚
#MalaysiaMadani #KitaSelangor #5Tekaduntuk5Tahun #BalakongAdaOng #N27 #Balakong #N27Balakong #PRNSelangor
",2 comments,4 shares,{'Like': 32}
Wayne Ong Chun Wei,https://www.facebook.com/permalink.php?story_fbid=pfbid022whAQ6b3BrTdHz6yqXQCxjNd3u5RmWvT6ccH3i1Vk7R2QAukPCmKgzqzaUUjpXzQl&id=100095001407478&__cft__[0]=AZU2CnBANkFtvFoc6I3X1ASPUP-m6PFtOwP-ORTvIVJgEAtJhZg80CYfKFvwGunesQBuvpZIHZxL-1X1xqZQpiPp9O4VgptLz1dRNtqfMBKFIc_Y_lVChM-Zr4ddpgNuXLvJ1hWKb5WKF-bE5QMlECdIPX_a5CdB78r-GQncOTxnRoifhlzhX7EE-YeJafbs3tk&__tn__=%2CO%2CP-R,2023-08-03 15:29:00,"å¤ªè£å¹¸äº†ï¼é‡é‡çº§é¢†è¢– Lim Kit Siang (æ—å‰ç¥¥) Yeo Bee Yinï¼ˆæ¨ç¾ç›ˆï¼‰ Syahredzan Johan Chong Chieng Jen å¼ å¥ä»  Phoong Jin Zheï¼ˆå†¯æ™‹å“²ï¼‰ æ¥ä¸ºæˆ‘ç«™å°ï¼Œå¦‚æœä½ ä¹Ÿæƒ³å¬å¬ä»–ä»¬å¯¹å›½å®¶çš„æ”¿æ²»çœ‹æ³•ï¼Œä¸è¦è‡ªå·±æ¥è€Œå·²ï¼Œè¦jioå¤§å®¶ä¸€èµ·æ¥å‚ä¸æ˜æ—©åœ¨é”¡ç±³å±±å·´åˆ¹çš„å’–å•¡å®¤å¼€è®²ï¼
I am so honored to have all these superstars support and endorse me. We are going to have a Kopitiam talk at Pasar Sungai Chua tomorrow morning. Rally up your friends and family to join us.
#MalaysiaMadani #KitaSelangor #5Tekaduntuk5Tahun #BalakongAdaOng #N27 #Balakong #N27Balakong #PRNSelangor
",5 comments,27 shares,{'Like': 69}
Wayne Ong Chun Wei,https://www.facebook.com/permalink.php?story_fbid=pfbid02qYyGxjYP7u6WCqtDAKHz4bqTQRry4m1uZKwHFEai5uwKELU4MhBXRwbnEMDZqJSnl&id=100095001407478&__cft__[0]=AZVrMgYxpCum5y_1mvhZ5rzXZ3JU3XiR92XK6v37Oo5eKeUaP86e5UnQKfCwgGNOIAautz4poFPp_Dlk2BzEfC7V3Y3EVgeQ6yiGlc3Ml5CGW6wQyMKGdn4bSo_dhxZD8dHwbV2PBofQ0C3h2MwPpc8mC75DDn3Z2yYHRrgA3pQXrXhMBIvzxaJQQGuYYv3lGh0&__tn__=%2CO%2CP-R,2023-08-02 23:00:00,"Hari ke-
 berkempen 
Jelajah bersama rakyat yang mengujakan! Kami berjumpa bersama komuniti dan berbincang isu-isu penting . Terima kasih atas semua pendapat dan kata - kata semangat yang diberikan kepada kami. Sokongan padu anda amat dihargai, marilah kita bersama-sama menjadikan Balakong tempat tinggal yang lebih baik untuk keluarga kita
ç«é€‰5å¤©äº†ï¼Œæ„Ÿå—åˆ°æ— æ‹‰æ¸¯æ˜¯ä¸ªæœ‰äººæƒ…å‘³çš„åœ°æ–¹ï¼Œé€‰æ°‘ç»™æˆ‘åŠ æ²¹æ‰“æ°”ï¼Œæœ‰çš„ç»™æˆ‘æŒ‡ç‚¹æ–¹å‘ï¼Œæä¾›äº†æ”¹å–„æ— æ‹‰æ¸¯çš„å»ºè®¾æ€§æ„è§ã€‚æ— æ‹‰æ¸¯æ˜¯æˆ‘å®¶ï¼Œæˆ‘ä»¬ä¸€èµ·æ‰“é€ å±äºå¤§å®¶çš„æ— æ‹‰æ¸¯ï¼
#MalaysiaMadani #KitaSelangor #5Tekaduntuk5Tahun #BalakongAdaOng #N27 #Balakong #N27Balakong #PRNSelangor
",3 comments,3 shares,{'Like': 49}
Wayne Ong Chun Wei,https://www.facebook.com/permalink.php?story_fbid=pfbid02MFKneENBsLNu1hW7oHLcXeCrmuo9CyUW31UmzVgufsfmEL84jparxygyhP3186Csl&id=100095001407478&__cft__[0]=AZVz5FLB3YphPrNaB0QfCW-8hHG9mA-4g6aqvMZlrJYpW3_q1MeTfcQMmzs9z5j5gv9uL7ltgCUl0V2H4QcT_lX3Uw0oGj86nhivgOvl7V7bFDY9583wkXEFIrOIhT7Hc7YDmjlC9mdOlrTM3MvTxRojUcTwwUwPPlrUc2_LR5ErCgMrtvYhbRSlr-4Nsx6Wl2w&__tn__=%2CO%2CP-R,2023-08-02 22:31:00,,N/A,N/A,"{'Like': 890, 'Love': 10, 'Haha': 1300}"
Wayne Ong Chun Wei,https://www.facebook.com/permalink.php?story_fbid=pfbid02ixBvo9ZDM4a1bBRo3hceqah2HD8Zd2eCstrjsH8jhUWnz4ckrHXu7QrVXCosmHCLl&id=100095001407478&__cft__[0]=AZXwF_OZP7jfx8To6lh1KkXVyO5zCiYOjogW7zouqZ_qqN8klun8plhkP1bV-zME7-MtTLRGHyJ74qXtzDb9B2vVhUADbeWIESjo6h0Lq1neWKx_mdZtI_TgD42RIBdX5EVYsE0iGuAEny9DpVijwjyeuPBkn_8AIBHVv45Xn_x4HirfmD-Hfnv7jBMHchGWvNU&__tn__=%2CO%2CP-R,2023-08-02 20:43:00,"Jadual pada hari esok (Khamis - 3 Ogos 2023).
Saya berharap dapat berjumpa dan beramah mesra dengan penduduk di sana dengan lebih dekat lagi.
Jumpa anda di sana!
æ˜å¤©æ˜ŸæœŸå››ç»§ç»­è·‘é€é€ï¼Œæ—©ä¸Šåˆ°é¦–éƒ½é•‡ï¼Œä¸‹åˆå†åˆ°ä»™æ°´æ¸¯æ‘å’Œé”¡ç±³å±±è·Ÿå¤§å®¶è§é¢æ‰“æ‹›å‘¼ã€‚åˆ°æ—¶è§ï¼
#MalaysiaMadani #KitaSelangor #5Tekaduntuk5Tahun #BalakongAdaOng #N27 #Balakong #N27Balakong #PRNSelangor
",1 comment,3 shares,{'Like': 32}
Wayne Ong Chun Wei,https://www.facebook.com/permalink.php?story_fbid=pfbid02qUbtDPiJ9N75bDCCmFHCGjDyAZ8KodYibcNHaHHKaA4aEyzD7hffn4VPc3s3LLnFl&id=100095001407478&__cft__[0]=AZWysPy6BNaSb6SFD4LTP2rXup2g-YE6CrBGtjPWSFrJu-vTlFyxzxr360nfUaMOTONQ8b6s0frR_-8-uJ53YvlAjz4nnpfG7d0pUlbgzI3XiNZ_-vApFrbNMrv24s3b7q0QQR2CT5omwyj8WOliJww8p0EkCY6VuwE86ZlgfPWygEd3oMPqKpkX0a-Ey5Xg_zI&__tn__=%2CO%2CP-R,2023-08-02 19:34:00,,N/A,N/A,"{'Like': 4100, 'Haha': 835}"
Wayne Ong Chun Wei,https://www.facebook.com/permalink.php?story_fbid=pfbid02AKaUnuzvhiCyhSk97fFarm8ggbxRYfSLpK3do1cigiAq1e5VMBqXtxuPeYFGEYgWl&id=100095001407478&__cft__[0]=AZVaMA3-g_t4YOt-7iaXzSO8MMY6mMhLb9EQR0oXMXS-hOsGv_Gng5wXMPJaXR-FUxCBstGUw30YGKP2NxqDHM43OTWXZC2IDEgmAHhugaxDdyGJrYX8aNX8J8NfJd2NXa54IHH1nPCT2P8cBNfCBmhCc8cVh9h0YaOroCOhkHdWnZUS9Kp-0wqBgteb66jUI0A&__tn__=%2CO%2CP-R,2023-08-02 18:09:00,"æ˜å¤©çº¦ä½ ä¸€èµ·å»å’–å•¡å®¤æ”¿æ²»å¼€è®²ï¼Œè¾¹å–å’–å•¡è¾¹å¬å¬å‡ ä½é¢†è¢–åˆ†æå½“ä»Šå›½å®¶å±€åŠ¿å’Œé›ªå·æœªæ¥å‘å±•ã€‚
Join us for a delightful coffee session with special guests: Member of Parliament Cheras, YB Tan Kok Wai é™ˆå›½ä¼Ÿ , Deputy Finance Minister, YB Steven Sim Chee Keong æ²ˆå¿—å¼º  and Candidate N.29 Seri Kembangan, Wong Siew Ki ç‹è©©æ£‹ , at Ho Jia Station, Bandar Damai Perdana. See you there tomorrow at 8 am!
#MalaysiaMadani #KitaSelangor #BalakongAdaOng #N27 #Balakong #N27Balakong #PRNSelangor
",1 comment,5 shares,{'Like': 31}
Wayne Ong Chun Wei,https://www.facebook.com/permalink.php?story_fbid=pfbid0cNcLkFQq44vjoMET82GBNvdQpJK3ZUiTNqzmpBvdc11WKGECX9pyajHwt1wEwXrMl&id=100095001407478&__cft__[0]=AZUUQ6fUFMVrWJlnU0zUFEdtqTe1FO1d_IWaDMm1l1udq0Ewttlq_Oc_icFrSUUaH75xoGUvIiUEsCzTgR4XzsbVjBUqN2lcvLP3gWmYwRLHH7GfDlXqVJH9vVqYW9XeKUmwpgFav39LQMMiia9Ae17SJB9dIdLgRFhVH5-70rEzV-ge2T5AZ_cdh6tILuZgv0A&__tn__=%2CO%2CP-R,2023-08-02 13:00:00,"æ„Ÿè°¢å„å¤§åª’ä½“åšçˆ±ï¼Œä»æååˆ°ç°åœ¨ï¼Œä¸æ–­åœ°è®©æˆ‘è¿™ä½æ–°äººæ›å…‰ï¼
#MalaysiaMadani #KitaSelangor #BalakongAdaOng #N27 #Balakong #N27Balakong #PRNSelangor
",2 comments,4 shares,{'Like': 71}
Wayne Ong Chun Wei,https://www.facebook.com/permalink.php?story_fbid=pfbid02H8ouANPJUEKhQ4m9AX7nFSraRXU7MWW238M2wzgBFAvno4gJmvcxF8w7aw6vGTN9l&id=100095001407478&__cft__[0]=AZWog287WRdBnKv0275ND2N1WMbd5zmZbL0oGzlw_kOBype_B2c8gOe9TUC0eRBiZXsd0B1qjDtXEXtb5Pr1BHU7MAJmGZr5h-tVgM8jS-t1VPIjK7wt7_-t6nyiLfaGyLhXcuI2fj9inwU3p3RDvmq3-U_g7pjH5EKd2DuwA6gVUl2Cdrzep2hoLdqVrXcPEZs&__tn__=%2CO%2CP-R,2023-08-02 11:00:00,"ğ™‹ğ˜¼ğ˜¾ğ˜¼ 4
Sukarelawan PACA diperlukan untuk calon HARAPAN DUN Balakong!
Hari ini latihan akan diadakan pada jam 8.00 malam!
Jumpa nanti!
ä¸ºäº†ç¡®ä¿å·é€‰åœ¨å…¬å¹³å’Œå…¬æ­£åœ°è¿›è¡ŒæŠ•ç¥¨ç¨‹åºï¼Œæ— æ‹‰æ¸¯å·é€‰åŒºéœ€è¦å¤§é‡çš„ç›‘ç¥¨å’Œè®¡ç¥¨å‘˜ã€‚æ— éœ€å­¦å†æˆ–ç»éªŒå› ä¸ºæˆ‘ä»¬ä¼šæä¾›åŸ¹è®­ï¼Œå¿«æ¥åŠ å…¥æˆ‘ä»¬å§ï¼
BalakONG ada ONG!
Pusat Khidmat Dun Balakong 
https://waze.com/ul/hw2837c1k4
#MalaysiaMadani #KitaSelangor #5Tekaduntuk5Tahun #BalakongAdaOng #N27 #Balakong #N27Balakong #PRNSelangor
",4 comments,4 shares,{'Like': 24}
Wayne Ong Chun Wei,https://www.facebook.com/permalink.php?story_fbid=pfbid02NESZrE6KQd59mbQPTdttkQJoBFN1fg61L3oNtf9H4ThY3v51NYWY77imhKphRKDVl&id=100095001407478&__cft__[0]=AZWOaKEHvh7H66fa_80bAzs5g1rqpChKtzv0dgrPXDh7syVeD-_920NnY1g9TUPtYujiv4rmeOXQFTGKrWOCozTTcKBUIvUyrQDtKQKJBRmj13NOCCvkORLU2jkn-h2jnjuLTvI-4HxhGFp8uIYy-I8tB6igPQVmPZ1oilt4df4VuCPwTWDV9TMREw0lPBAXalk&__tn__=%2CO%2CP-R,2023-08-02 10:00:00,"Semalam, saya bersama teman-teman telah bersarapan pagi dan beramah mesra bersama para penduduk Kampung Simpang balak di Warung Cafe Hj Jaafar's Clan. Saya bukan sahaja tertarik dengan juadah di sini malahan juga suasana yang muhibah apabila kelihatan pelanggan di sini terdiri daripada pelbagai kaum.
#MalaysiaMadani #KitaSelangor #BalakongAdaOng #N27 #Balakong #N27Balakong #PRNSelangor
",5 comments,1 share,{'Like': 68}
Wayne Ong Chun Wei,https://www.facebook.com/permalink.php?story_fbid=pfbid0J6Q5uz5rHEEa1wYk2stG9jpxNDiVqwjyAue53bWYmx9xmJTT5JWkBuzscbVozMorl&id=100095001407478&__cft__[0]=AZXydNdulJdrgSMpV9KbIBjIQDKZrJXZ56sVOr9UJ5juV2YPqiEfiABmFeXVkSzlBES5RehRueKJPMKENGjsqWD7ZpbCgzrwvITwanZN_QuFkvY0l5oac9nOGmfFxvmHAtYLDZ86yWGaZNjLOQGU4aE5H6EsvAXMJNVc3G5SUh0YldjRCUeMkZ81kvswQMEgAPg&__tn__=%2CO%2CP-R,2023-08-01 23:02:00,"Happy birthday bonda
æ¯å¹´æˆ‘å’Œå¼Ÿå¦¹éƒ½ä¼šè·Ÿä½ åƒä¸€é¡¿ï¼Œå”±ç”Ÿæ—¥æ­Œï¼Œåˆ‡è›‹ç³•ï¼Œè¿˜æœ‰æ‹åˆç…§ã€‚
ä»Šå¹´é‡ä¸Šæ˜¯ç«é€‰æœŸï¼Œä»Šæ—©å‡ºé—¨å‰å°±å‘Šè¯‰è‡ªå·±ä¸€å®šè¦èµ¶åœ¨12ç‚¹å‰å›å®¶ï¼Œç»™å¦ˆå¦ˆé€ä¸Šç¥ç¦ã€‚
å¦ˆï¼Œç”Ÿæ—¥å¿«ä¹ï¼Œçˆ±ä½ ï¼
",67 comments,3 shares,"{'Like': 217, 'Love': 18}"
Wayne Ong Chun Wei,https://www.facebook.com/permalink.php?story_fbid=pfbid02bUqspxmVaMWiXB74PubE3zTiDPdGd3W9zLcNYXnmN4G7HFjvsMm6b1MWWmvqNG2El&id=100095001407478&__cft__[0]=AZW3Xp01AV8QwmB2hPhad9pKqVzbX5MgG0lbAHk2-Km4WrC4M92nKJ48fiv6sYUzKAqvzA1TBH9dlDFl-uTTmD_ee9FTuTXwvgMErKAzZQhNPgU_wtpg-y9o1-jZVx9SwwNgo_DFLmDNOE7oa7IkapN0oBlpzUNGrr2ciXn90hVS3vLIPUDISQHwpNnRc_J3PaA&__tn__=%2CO%2CP-R,2023-08-01 22:21:00,"Jadual calon Harapan bagi N27 Balakong, Wayne Ong Chun Wei untuk 02hb Ogos 2023.
Kami akan memulakan perjalanan esok dengan Walkabout di Taman Megah, Cheras Perdana.  YBM Hannah Yeoh juga akan bersama kita petang esok.
æˆ‘æ˜å¤©æ—©ä¸Šä¼šåœ¨ç¾å˜‰èŠ±å›­å’Œç¿ å²­é•‡ä¼šè§é€‰æ°‘ï¼Œå‚æ™šä¸é’ä½“éƒ¨éƒ¨é•¿æ¨å·§åŒåŒå¿—åœ¨æ•¦èƒ¡å…ˆç¿å…¬å›­ä¼šé¢ã€‚æ¬¢è¿å¤§å®¶æ¥è·Ÿæˆ‘ä»¬æ‰“æ‹›å‘¼ã€‚
#MalaysiaMadani #KitaSelangor #BalakongAdaOng #N27 #Balakong #N27Balakong #PRNSelangor
",6 comments,10 shares,{'Like': 61}
Wayne Ong Chun Wei,https://www.facebook.com/permalink.php?story_fbid=pfbid0Pv5PYdizoJahMBXArwUdfKumsNw23BvjxFH3S8pnNUGbjGGCzN78YQUMhfhd5DSrl&id=100095001407478&__cft__[0]=AZWgtGH0MZ5Yvm7KnwgeFsoDbQBEtXIz3_P1rkh9dOFgac72BA8AO9eZndYMXDcqJcPpqz0FQP3GdSxuHe2uaTp5i_kGjca_MLtDuF1OASN5AAO8NbRXlZhSYMJYaovK6OuIkABokB7H-sXgGN9qEJ3JwZQwJFNd_sco40L1udZbm1paesmg7-3T1oLNA13cBGM&__tn__=%2CO%2CP-R,2023-08-01 20:00:00,"æˆ‘è·Ÿå¾ˆå¤šäººä¸€æ ·ï¼Œ
æ˜¯çˆ¸å¦ˆçš„å¤§å„¿å­ï¼Œ
æ˜¯å¦»å­çš„ä¸ˆå¤«ï¼Œ
æ˜¯ä¸€ä¸ªå­©å­çš„çˆ¸çˆ¸ã€‚
------------
æˆ‘ä¹Ÿè·Ÿå¾ˆå¤šäººä¸ä¸€æ ·ï¼Œ
å°å­¦æ—¶å½“ç­é•¿ï¼Œ
ä¸­å­¦æ—¶å½“é˜Ÿé•¿ï¼Œ
å¤§å­¦æ—¶å½“å­¦ç”Ÿä¼šä¼šé•¿ï¼Œ
ç°åœ¨æ˜¯è¡ŒåŠ¨å…šå½“ç¤¾é’å›¢å›¢é•¿ã€‚
------------
æˆäººåï¼Œæˆ‘å¸¦ç€ä½¿å‘½å’Œå¸Œæœ›ï¼Œ
å½“æ—¶ä»»é‡‘éŠ®åŒºå·è®®å‘˜é»„æ€æ±‰çš„å®ä¹ ç”Ÿï¼Œå†æ‹…ä»»é€‰åŒºåŠ©ç†ï¼Œ
åœ¨é»„æ€æ±‰çš„ææ‹”ä¸‹ï¼Œåœ¨2016å¹´æ›¾ä»»é›ªé‚¦å¸‚è®®å‘˜ï¼Œ
è·Ÿéšè¿™ä½å¸ˆçˆ¶çš„æ­¥ä¼ï¼Œä»2018å¹´-2023å¹´ï¼Œæ‹…ä»»é›ªå·è¡Œæ”¿è®®å‘˜ç§˜ä¹¦ã€‚
æˆ‘æ˜¯-ç‹ä¿Šä¼Ÿï¼Œ
æ— æ‹‰æ¸¯æ˜¯æˆ‘å®¶ï¼Œä¿é›ªå·é å¤§å®¶ã€‚
#MalaysiaMadani #KitaSelangor #5Tekaduntuk5Tahun #BalakongAdaOng #N27 #Balakong #N27Balakong #PRNSelangor
",3 comments,9 shares,"{'Like': 107, 'Love': 7}"
Wayne Ong Chun Wei,https://www.facebook.com/permalink.php?story_fbid=pfbid022xnWE88nURozoeRCw8YvkxnG8GJNYwYX8Wx5rCRPvdwz3j112SzzAAfrnwQrgTeJl&id=100095001407478&__cft__[0]=AZWpIBLEoNVyDfqeEVt8ikKzfEbw3hpybih20FJh6o6HfGpg47hoIjZ1HpAJt3UgqMxNpZ3_mTfZmLyoz8mQq563wMFXO8Bism9OMUxdz6E1kNY5cCJfe-AQZjggowNstQ5nwQxyQ7xCavtP8ftqvXTbNzQ29oP_E7IB1ax09HIsi4b7sNt7oPn0lAiPzt1dJqA&__tn__=%2CO%2CP-R,2023-08-01 14:48:00,"Hi semua,calon PH DUN Balakong Wayne Ong dan YB Hannah Yeoh ingin mengajak untuk bersenam.  Sertailah kami untuk pertemuan dan salam mesra bersama di Tasik Bandar Tun Hussein Onn esok.
å½“æ–°äººå€™é€‰äººç‹ä¿Šä¼Ÿé‡ä¸Šé’ä½“éƒ¨éƒ¨é•¿æ¨å·§åŒï¼Œä¼šæ“¦å‡ºä»€ä¹ˆç«èŠ±ï¼Ÿæ˜å¤©å»æ•¦èƒ¡å…ˆç¿å…¬å›­å°±çŸ¥é“å•¦ï¼
#MalaysiaMadani #KitaSelangor #BalakongAdaOng #N27 #Balakong #N27Balakong #PRNSelangor
",2 comments,18 shares,{'Like': 82}
Wayne Ong Chun Wei,https://www.facebook.com/permalink.php?story_fbid=pfbid033UAKJBctvvFVzkfEHcvmhnrF8vtuv1zvnchprTtGgP95ngXCBQyLXpmad9hRdM13l&id=100095001407478&__cft__[0]=AZUi6zuCA_0nXTgvpaWfQ-xhftZJnPGLoufCB_7NRlrQcNwc8MsoexR02be6xOL1BmkSi2UUttfWIZ9dlTPLTTmwpFg2r4t_qUrbBc4kT3Q5EuRl6tJKgC79t9yH8gQlJ12bxKJn8mF4XfESG0lWCbNmbBOOcvV7bqmetny1gV-uiaSQpDqXanwLEvnuDoXp8nE&__tn__=%2CO%2CP-R,2023-08-01 13:30:00,,N/A,N/A,"{'Like': 5600, 'Haha': 611}"
Wayne Ong Chun Wei,https://www.facebook.com/permalink.php?story_fbid=pfbid0sLcTH43ZjhLDGV3eKLQ7tznebwz6vCbenY55SA3P8P4MyPtHoXUhT2edw1hYeBRDl&id=100095001407478&__cft__[0]=AZXSR_Lc9Ps_OOxiNP48HftV8-giHEopdvxmt1lbWvvy9xnz6wTv5EADhls0w9Z-2d4uou7OE9IVP6GKcYxu6ZZHsm9ZhyCcwu1AQEAOD4wedMeVry3Ct1rs-HA5XjJJty1LaUDzGLsjj0E0LQOWR-oohAY6EyKMEvkp-2N0VvVQl8kvi3v3Iha9f_F47pCVAi4&__tn__=%2CO%2CP-R,2023-08-01 12:00:00,"ğ™‹ğ˜¼ğ˜¾ğ˜¼ 3
ä¸ºäº†ç¡®ä¿å·é€‰åœ¨å…¬å¹³å’Œå…¬æ­£åœ°è¿›è¡ŒæŠ•ç¥¨ç¨‹åºï¼Œæ— æ‹‰æ¸¯å·é€‰åŒºéœ€è¦å¤§é‡çš„ç›‘ç¥¨å’Œè®¡ç¥¨å‘˜ã€‚æ— éœ€å­¦å†æˆ–ç»éªŒå› ä¸ºæˆ‘ä»¬ä¼šæä¾›åŸ¹è®­ï¼Œå¿«æ¥åŠ å…¥æˆ‘ä»¬å§ï¼
Sukarelawan PACA diperlukan untuk calon HARAPAN DUN Balakong!
Hari ini latihan akan diadakan pada jam 8.00 malam!
Jumpa nanti!
BalakONG ada ONG!
Bilik Gerakan Utama Balakong 
https://waze.com/ul/hw2837c1zb
#MalaysiaMadani #KitaSelangor #5Tekaduntuk5Tahun #BalakongAdaOng #N27 #Balakong #N27Balakong #PRNSelangor
",1 comment,3 shares,{'Like': 31}
Wayne Ong Chun Wei,https://www.facebook.com/permalink.php?story_fbid=pfbid0N9kERVu55eBmyUWgHLsfHDwx2eAyZR28JURx4qgkztaBBnenXDWYjHsjeayc28Pfl&id=100095001407478&__cft__[0]=AZURxIBzLKAEsXG7lhbujf3coJyjRywvJijsZoZxU2_UZZpMDWA0m14K6hQiZSS7JlVIDQ2dpkojVryIXdqk1LnjpVMPylwqQ-cfUuiE9L9MdeYosA872S6gEYF4y6Z_2pr12W_OsCWRV1myIfTdRzZhx6ZWFJ_34khLb_jZdJ5HE_jM4E-c3631fmUlz7vycWc&__tn__=%2CO%2CP-R,2023-08-01 11:00:00,"Nama saya Ong Chun Wei.
Saya sedia berkhidmat. Oleh itu, saya menghargai setiap peluang yang diberikan sejak zaman persekolahan.
Saya pernah menjadi ketua kelas dan ketua pasukan semasa sekolah rendah dan sekolah menengah.
Sewaktu menuntut ilmu di Universiti Utara Malaysia, saya merupakan pemimpin persatuan pelajar.
Dalam parti, saya merupakan ketua pemuda di Negeri Selangor.
Saya turut bertekad untuk berbakti kepada negara tercinta.
Pada tahun 2013, saya mula menceburi dalam bidang khidmat masyarakat sebagai  pegawai Khas kepada ADUN Kinrara. Ini merupakan titik permulaan penting kepada saya untuk mendekati masyarakat.
Pada tahun 2016, saya diberikan peluang untuk menggalas tanggungjawab sebagai Ahli Majlis Perbandaran Sepang.
Dari  Tahun 2018 hingga 2023, saya menjadi  Setiausaha kanan kepada Exco Selangor dan mula melibatkan diri dalam pengubalan dasar-dasar awam.
Dengan adanya  pengalaman selama 10 tahun, kini tibanya masa untuk saya menawarkan diri untuk berbakti kepada teman-teman di Balakong.
Marilah kita bersama-sama menjadikan Balakong tempat tinggal yang lebih baik untuk keluarga kita.
#MalaysiaMadani #KitaSelangor #5Tekaduntuk5Tahun #BalakongAdaOng #N27 #Balakong #N27Balakong #PRNSelangor
",1 comment,4 shares,{'Like': 45}
Wayne Ong Chun Wei,https://www.facebook.com/permalink.php?story_fbid=pfbid02vKAQe3dK8UcwgWR3hgWjXaH1wdWHqFTtcPMXtmnFrWndbd1ycAtt1mUMwc3SWJYcl&id=100095001407478&__cft__[0]=AZVwJSRvHFvqh5O8kZfsde-iJtsQs3q3xlsir2M4WmT_hXiEv7U4pczdH4Eghp44PIck-El3ZL-Mb-pCRRdDn59toPZU23tvxVb8AtP4xqtjYTQFSpKQ8a-ZMAwOjr3O14fbpk0Vaggz5HDBAx7GH5WS5Vlj2icaqs-Zgrvk47hqhuhdSo8afvC4XW1BBirvFZk&__tn__=%2CO%2CP-R,2023-08-01 09:08:00,"5 tekad untuk 5 tahun telah dilancarkan oleh Dato Menteri Besar Selangor bersama calon-calon Perpaduan Selangor. Ini terbukti Pakatan Harapan dan Barisan Nasional merupakan gabungan perpaduan yang mempunyai perancangan yang jelas 
dan misi yang khusus buat rakyat Selangor. Marilah kita sama-sama merealisasikan kesinambungan kejayaan, kecemerlangan 
dan kemakmuran Selangor yang telah dikecapi ini menerusi kertas undi kepada Perpaduan Selangor pada 12hb Ogos 2023 nanti.
é›ªå·å¤§è‡£æ˜¨æ™šè”åˆæ‰€æœ‰å¸Œç›Ÿå’Œå›½é˜µå€™é€‰äººæ¨å‡ºã€Šäº”å¹´äº”å¤§å†³è®®ï¼Œè¾‰ç…Œé›ªå·ã€‹ï¼Œæ˜¾ç¤ºäº†å›¢ç»“æ”¿åºœæ˜¯æœ‰è¿œè§å’Œæœ‰è®¡åˆ’åœ°è¦ä¸ºé›ªå·äººæ°‘æ‰“é€ ä¸€ä¸ªæ›´ç¹è£æ˜Œç››å’Œå®œå±…çš„é›ªå·ã€‚
è®©æˆ‘ä»¬æˆå°±è¿™ä»½ä½¿å‘½ï¼Œåœ¨8æœˆ12æ—¥æŠ•ä¸‹ç¥åœ£çš„ä¸€ç¥¨ï¼
#MalaysiaMadani #KitaSelangor #5Tekaduntuk5Tahun #BalakongAdaOng #N27 #Balakong #N27Balakong #PRNSelangor
",2 comments,4 shares,{'Like': 82}
Wayne Ong Chun Wei,https://www.facebook.com/permalink.php?story_fbid=pfbid0vckJB8gHsDnKX2cft62XPhaMXTx2nPXL6xYZ7KFHwTitXP4Hnt2ucGDwgu1sXeqwl&id=100095001407478&__cft__[0]=AZUAhO3THiTf_xzF0AfonDNqUxda3i7FQ7eJB_pBTgnd4--RzTvQ2hiD_IuJEzMUo7_yJyrqDp47gQpzrA6f7kS90eK7gl2W9C27e3GgBimbJIHpwzzAa7qagfLE9c3DVrtoHv3jbUWG39sSANCM94FDwFUSr-Bsw3F4_9Acty610S7Wkjb92cRbNr394zS6QpM&__tn__=%2CO%2CP-R,2023-07-31 21:15:00,"Dun Balakong merupakan satu kawasan tumpuan industri yang penting.
Hari ke-4, saya ditemani pasukan Pakatan Harapan N27 Balakong meneruskan kempen di kawasan komersil Balakong Jaya, Putra Budiman, Taming Jaya dan persatuan kawasan industri Selesa Jaya. 
Saya melihat kawasan ini mempunya potensi yang besar untuk terus berkembang maju di masa akan hadapan. Terdapat juga beberapa perkara yang saya rasa masih boleh diperbaiki dan ditambah baik.
æ— æ‹‰æ¸¯æ˜¯å·¥ä¸šé‡é•‡ï¼Œç«é€‰ç¬¬4å¤©æˆ‘å’Œå›¢é˜Ÿèµ°è®¿æ•°ä¸ªå·¥ä¸šåŒºï¼Œæˆ‘ä»¬éœ€è¦æƒ³æƒ³åŠæ³•çœ‹å¦‚ä½•æå‡æ— æ‹‰æ¸¯çš„å·¥ä¸šå‘å±•ï¼Œè®©åœ¨åœ°ç»æµæ›´åŠ æ´»è·ƒèµ·æ¥ã€‚
#MalaysiaMadani #KitaSelangor #BalakongAdaOng #N27 #Balakong #N27Balakong #PRNSelangor
",3 comments,8 shares,{'Like': 80}
Wayne Ong Chun Wei,https://www.facebook.com/permalink.php?story_fbid=pfbid02atmcPjHovVwue9V1iPNcWQWrw2Sva6xkUKk4hhEPRJivXEsmxJEcbhQ9j5SuCzA3l&id=100095001407478&__cft__[0]=AZUgP5mbRU9127zJlm6dooLwskF47UidfUK7L5eelK_Xug9Fv-VU4ewJF8oEt9ADOzfYdJfdC1ypEfWUgDqxmMJBqLX2Xg3CWVQNpWLN3ouQIsIYKwiJ1hvNc4i-sQgo6cInDSe55xsfdIyIJH1bwC_t_FO4WsKcNn4Xs_RpLWnu6HvVfoRKUTQvfJd0Jw2eTz0&__tn__=%2CO%2CP-R,2023-07-31 18:15:00,"Follow the candidate schedule for tomorrow, see you all!
Continue to run through tomorrow! Hope to see you ~
#MalaysiaMadani #KitaSelangor #BalakongAdaOng #N27 #Balakong #N27Balakong #PRNSelangor
",2 comments,10 shares,{'Like': 42}
Wayne Ong Chun Wei,https://www.facebook.com/permalink.php?story_fbid=pfbid0dihJtPgngFzTsXKuhFGdCvYNdHCt8sey2Lby53HPjQWRKWmVC2o7RcShYLYDhGFFl&id=100095001407478&__cft__[0]=AZW6GQd-WgG0QbxSnZKGqoAXNTvv1jCnVNlA9Xp9PMiFI9bUc96aT972qqEK9kVrRsbv-WR2E1orso3xAmqoiga9DXZROeC-yAL-egSqLFlzWeDAucZo5StU_NEoe6fUDx0_k66qAUA7kHj5HO7h9FAbB83VY2bNkM_8Kv0BzhO51d-nZXTvmGOQH46ikfcVE9s&__tn__=%2CO%2CP-R,2023-07-31 14:00:00,,N/A,N/A,"{'Like': 2600, 'Haha': 1300}"
Wayne Ong Chun Wei,https://www.facebook.com/permalink.php?story_fbid=pfbid02XtFc76s4E9tMu4LCvyT6C7iW6MnizzMbxMeXRifpDcTxhSwdyRpExq5RG41W7PcQl&id=100095001407478&__cft__[0]=AZX-Kyr38gVKSiXqa5VfQfp873D5yIHR0OWSgSdGQQ1dDncrwfcESHgjFhl7m8rQjjBEE56_iO0IPnSY-b6W59PU8rCy-0wAmS96fPhPdXjfEJsjE3Q-HlVJW2ptqa4c5r1LktO3m4ISeBEIpzmNA9t0KrGtsi7tpuOvcMooV9ySiZvpRq5uAPj9C08_HzV_Kug&__tn__=%2CO%2CP-R,2023-07-31 12:10:00,"ğ™‹ğ˜¼ğ˜¾ğ˜¼ 2
ä¸ºäº†ç¡®ä¿å·é€‰åœ¨å…¬å¹³å’Œå…¬æ­£åœ°è¿›è¡ŒæŠ•ç¥¨ç¨‹åºï¼Œæ— æ‹‰æ¸¯å·é€‰åŒºéœ€è¦å¤§é‡çš„ç›‘ç¥¨å’Œè®¡ç¥¨å‘˜ã€‚æ— éœ€å­¦å†æˆ–ç»éªŒå› ä¸ºæˆ‘ä»¬ä¼šæä¾›åŸ¹è®­ï¼Œå¿«æ¥åŠ å…¥æˆ‘ä»¬å§ï¼
Sukarelawan PACA diperlukan untuk calon HARAPAN DUN Balakong!
Hari ini latihan akan diadakan pada jam 8.00 malam!
Jumpa nanti!
BalakONG ada ONG!
Balairaya MPKK Kg Baru Sg Chua https://waze.com/ul/hw2835bjsf
#BalakongAdaOng #KitaSelangor #MalaysiaMadani #N27 #Balakong #N27Balakong #PRNSelangor
",2 comments,15 shares,{'Like': 47}
Wayne Ong Chun Wei,https://www.facebook.com/permalink.php?story_fbid=pfbid0fBDyBFrMEc6Le3jYJnikNb9tW5ZccEZHrtVnLM1qRCU7LoCtvBbEWopuQXvuKdvfl&id=100095001407478&__cft__[0]=AZWP6YWbM7CzZSaJ5ZUpgMD7HaQ3kYH4q4NDJZZc3izkR0HzrzwpWXW0kcdj4kPLNkMXuCNoWPhwFkh9FboADyd6E98NcnmHziB_nW4UI2MPqz2RXerc5neS7ssX8qGkT8PEiWWRhMwelmElOgPtbIVlNKn6v6pDJytKPqwTJ8NIEXgXyrWSYxlYVcCQ18Hb1hE&__tn__=%2CO%2CP-R,2023-07-31 10:15:00,"When in Balakong, do as the Balakongians do! I've paid a visit to some of the famous temples to meet the committees and seek blessings for a smooth election.
å…¥ä¹¡éšä¿—ï¼æ— æ‹‰æ¸¯æœ‰å¥½å‡ é—´é¦™ç«é¼ç››çš„åº™å®‡ï¼ŒåŒ…æ‹¬æ˜Ÿå®‰åº™ã€å¤©å°Šå®®å’Œä¸‰ä»™å®®ç­‰ï¼Œæˆ‘éƒ½ä¸€ä¸€æ‹œè®¿ï¼Œä»¥å‘ç¥æ˜ç¥ˆç¦ï¼Œå¸Œæœ›ç«é€‰é¡ºåˆ©ï¼Œæ— æ‹‰æ¸¯é£è°ƒé›¨é¡ºï¼
#MalaysiaMadani #KitaSelangor #BalakongAdaOng #N27 #Balakong #N27Balakong #PRNSelangor
",2 shares,N/A,{'Like': 66}
Wayne Ong Chun Wei,https://www.facebook.com/permalink.php?story_fbid=pfbid0DFHtaKPxfDrd1621bWUAxvwx3V5RD1ZQsYpQEBu6c7LZz2qTNiCH6yjNUBUSLVDDl&id=100095001407478&__cft__[0]=AZV26Vzt_9C5-3y1wueMGgvKHQKSc3KtfZJ35IWa9JlsZIzSCmfp98h2TyUpjEci45MU3ESDQ-fsx168JSXuy16HS3GSUsRFALBypleurb0ZGCTdnZGjj4ytGHhWx_dhL34QepkDG8yR9kk1d7rlnj0RcxBhv-YI-hv2vTecL5u6jdkR2eQiU9T9nWCfU6KGJwY&__tn__=%2CO%2CP-R,2023-07-31 08:33:00,"Sepetang bersama Mantan Ahli Parlimen Bangi Dr Ong Kian Ming di Lake Valley BTHO. Sambil-sambil beriadah, saya berkesempatan untuk bertemu dengan para penduduk lalu memperkenalkan diri saya.
è·Ÿéšå‰ä»»ä¸‡å®œå›½ä¼šè®®å‘˜å»è·‘æ­¥ï¼Œå·é—²ä¹‹ä½™ç”¨ä¸åŒçš„æ–¹å¼æ¥è·Ÿå±…æ°‘æ‰“æ‹›å‘¼ã€‚
#MalaysiaMadani #KitaSelangor #BalakongAdaOng #N27 #Balakong #N27Balakong #PRNSelangor
",2 comments,5 shares,{'Like': 82}
Wayne Ong Chun Wei,https://www.facebook.com/permalink.php?story_fbid=pfbid0utbGyfiBg6yNdDuDxYEk2cUffb4DxsGGne9mHJLvLHgerhwH12uLybv3HGsQHph6l&id=100095001407478&__cft__[0]=AZXMLWfPkWJ72UpZjjm6ZyRwqUuOJtgncP5nDvY3gd7MHFMTCud_wsE7HwtVTxoBv1GEMilAYApwcVC4QrV7siXS8ISkUrYuIJQHuYeW7Q-UmZAWP934XW54dy59FbZxqt_mP7cFzxwKShHZKCcyLcTFTizRkZJtx_db7qKFTefMSL29i-3FPZBS8hHRTbCY3Vo&__tn__=%2CO%2CP-R,2023-07-30 23:00:00,"30 Julai 2023 - Kempen hari ini dimulai dengan Meet and Greet di Restoran Chee Xiang. Seterusnya, kami berkunjung ke Pasar Pagi Batu 11, berjumpa dengan rakyat di sana.
Kempen ini diteruskan pula dengan program Kopitiam Talk bertempat di Ahlanna Restaurant.
Saya juga berkesempatan untuk menemani ï¼ƒsyahredzanjohan dalam Program Be A Blood Hero 2.0
æ–°äººçš„ç«é€‰æ´»åŠ¨å°±æ˜¯è§é€‰æ°‘å’ŒæŠŠè‡ªå·±â€œæ¨é”€â€å‡ºå»ã€‚æ‰€ä»¥ä»Šå¤©ä¸€è¿è·‘äº†å·´åˆ¹å’Œå¤šä¸ªèŒ¶å®¤ï¼Œä¹Ÿå’Œè°¢ç‘è©¹å‚ä¸äº†ä¸€åœºæè¡€æ´»åŠ¨è°¢è°¢å’Œæˆ‘æ¡æ‰‹çš„æ¯ä¸€ä¸ªä½ ï¼Œè°¢è°¢ä½ ä»¬ç»™çš„é¼“åŠ±ï¼
#BalakongAdaOng #MalaysiaMadani #KitaSelangor #N27 #Balakong #N27Balakong #PRNSelangor
",5 comments,6 shares,{'Like': 38}
Wayne Ong Chun Wei,https://www.facebook.com/permalink.php?story_fbid=pfbid02s74ymwCT2XpHD6ugQx5bFzpvJnCv8NshSS1Ev71SHNmejUjmjpm1ah3nUE3vWoVNl&id=100095001407478&__cft__[0]=AZUtjD6_NK3DZJkWfVMbTd_GX2Kb1SizR9eD8KBDaxOqfhu1BClnu7IR-KMUV0AmM0Q6KXFsnZh1MCMQ2M_1oHzAT5piNSOLSxj7bbzBDVlJ-BJ2ImwskmiKGLOeBjW2dsnUX_3PiKa-XbNv27dQ6ob2NE9QionhoEHGqItrXnx3lMy9zLN0CDjrtyDPZ8XTLGE&__tn__=%2CO%2CP-R,2023-07-30 20:32:00,"Berikut adalah perjalanan calon Pakatan Harapan DUN Balakong untuk 31hb Julai 2023. Kita jumpa esok.
#MalaysiaMadani #KitaSelangor #BalakongAdaOng #N27 #Balakong #N27Balakong #PRNSelangor
",2 comments,6 shares,{'Like': 52}
Wayne Ong Chun Wei,https://www.facebook.com/permalink.php?story_fbid=pfbid02rgw8B9QFreCqMSETSw3yoMZyXCcU72a7U2fHxSqk8JJCA4CM7Y6XD7mbHgxo39iVl&id=100095001407478&__cft__[0]=AZWvq5zk3B3N3BlyVAsg1yA3BQReNd_ilYQcPg964KyXi5fXsJsT2DOzQUkzoo5ehokvU3Q7otcjm-IljlzHikI721rJyuNJWXEV5T0MryJyv1IlIsMUUuNEX02VATAvPlkLTGiNSLZbzHJIY_GJ-gqZYN2JlviFK7mBuumndYjUV__QRbzOyrw7bEANJ_8r2XA&__tn__=%2CO%2CP-R,2023-07-30 13:34:00,"Terima kasih abang-abang Jabatan Bomba dan Penyelamat Malaysia atas tindakan pantas mereka untuk memadam api kebakaran dari merebak ke kawasan yang lebih luas dan mengancam keselamatan penghuni-penghuni di rumah berdekatan. 
Pagi tadi, lebih kurang jam 10:20 pagi telah berlaku kejadian kebakaran yang membabitkan sebuah rumah di Jalan Indah 7/7. 
Team saya pada ketika itu dalam perjalanan ke tempat berkempen terlihat kepulan asap dan berhenti sebentar di tempat kejadian untuk berjumpa dengan mangsa.
Syukur kerana tiada kemalangan jiwa mahupun kecederaan menimpa mangsa.
åœ¨è¿›è¡Œç«é€‰æ´»åŠ¨æœŸé—´æ¥åˆ°Jalan Indah 7/7ä¸€é—´æ°‘å®…å¤±ç«çš„æ¶ˆæ¯å°±å’Œå›¢é˜Ÿè°ƒæ•´è¡Œç¨‹ï¼Œèµ¶åˆ°ç°åœºäº†è§£å’Œæ…°é—®ã€‚
æ‰€å¹¸æ¶ˆæ‹¯äººå‘˜åŠæ—¶åˆ°åœºç­ç«æ•‘äººï¼Œå—ç¾å±…æ°‘æ²¡æœ‰å—ä¼¤ã€‚
#MalaysiaMadani #KitaSelangor #BalakongAdaOng #N27 #Balakong #N27Balakong #PRNSelangor
",8 shares,N/A,{'Like': 48}
Wayne Ong Chun Wei,https://www.facebook.com/permalink.php?story_fbid=pfbid0bAwdbqF81GC2tvnBw3mfH4BPfvqinsBA8zJdb8c5owS6nwTntpVEcA7E61SKcJvl&id=100095001407478&__cft__[0]=AZW1i2hs-M1xMvig8iDEZEi-mVE-cGQpzuZNCwDNVXd6gdb2UK6RFfEFrmxqSPU-xdgOXtbQkedQV6Xanqbg1__16zSdBM4b_lUyz5pa5KzeW7mUJBvziSgj_swJogF6YVD7lqCm7ZHuwKIeY9dYtKsY3qKHThEONTaukeLuGy7HqfQSa7zazDUIHZiiQvZjXws&__tn__=%2CO%2CP-R,2023-07-30 10:08:00,"Sukarelawan PACA diperlukan untuk calon HARAPAN DUN Balakong!
Jika anda berminat untuk turut serta secara langsung di dalam proses demokrasi ini, hubungi nombor yang tertera.
Latihan akan disediakan secara berfasa. Hari ini latihan akan diadakan pada jam 8.00 malam!
Jumpa nanti!
å€’æ•°13å¤©å°±æ˜¯æŠ•ç¥¨æ—¥å•¦ï¼æœªä¸ºäº†ç¡®ä¿å·é€‰åœ¨å…¬å¹³å’Œå…¬æ­£åœ°è¿›è¡ŒæŠ•ç¥¨ç¨‹åºï¼Œæˆ‘æ— æ‹‰æ¸¯å·é€‰åŒºéœ€è¦å¤§é‡çš„ç›‘ç¥¨å’Œè®¡ç¥¨å‘˜ã€‚æ— éœ€å­¦å†æˆ–ç»éªŒå› ä¸ºæˆ‘ä»¬ä¼šæä¾›åŸ¹è®­ï¼Œå¿«æ¥åŠ å…¥æˆ‘ä»¬å§ï¼
BalakONG ada ONG!
Bilik Gerakan Utama Balakong https://waze.com/ul/hw2837c1zb
#BalakongAdaOng #KitaSelangor #MalaysiaMadani #N27 #Balakong #N27Balakong #PRNSelangor
",3 comments,7 shares,{'Like': 40}
Wayne Ong Chun Wei,https://www.facebook.com/permalink.php?story_fbid=pfbid02k7oHqV6DGsK6nMcTuEGexj5f3J3nBiyUYohpREvvBuWuxdtStzpGJCGnHathDtGl&id=100095001407478&__cft__[0]=AZVyOb-LVKn5Vz6_5M0Rq5sF1nA5Ww-P_t232tjggxVMvBT76qtrpOTlW8pBqxXdOPxypVSv52Ed-4gCdQJyl8C4I2LehrZxPUPB53a7gI9K0eAGiATQtoid-3jUk1sgMMcr8waiyep4W2so3x4SBpNxanzaGL9E37gfnFhlRsQHtY61-f7MuvB2m7GiTJVGzSo&__tn__=%2CO%2CP-R,2023-07-30 09:00:00,,N/A,N/A,{'Like': 451000}
Wayne Ong Chun Wei,https://www.facebook.com/permalink.php?story_fbid=pfbid02vaZXcd3Y2bSqkXU55Lz8aDcLDUha7uXBeE1hgeu98Q3XU8Vi5grGAs9tSJQSfcnMl&id=100095001407478&__cft__[0]=AZWW0kOw7YGKpjlyZ5uzXcAgMSg6bzz48JOKqVKtGuzpvnafUioye8dHGIcI3kYnLCG-uS1N6jQeN1LX-Md1dbrAEBwLQveLl_rBynBoG4cmT0TykR7Fve1542LhFSFa_KeGee-UhhKzYLQXafYGHFSP2ccPan2HjxHSA0ahDtQU89-zYg-GF7mPAWH-Qk6nAhM&__tn__=%2CO%2CP-R,2023-07-29 22:52:00,"Saya tak sabar untuk jumpa anda semua esok.
è¿«ä¸åŠå¾…è·Ÿå¤§å®¶è§é¢, æˆ‘ä»¬æ˜å¤©è§å“¦ï¼
#BalakongAdaOng #KitaSelangor #MalaysiaMadani #N27 #Balakong #N27Balakong #PRNSelangor
",4 comments,10 shares,{'Like': 52}
Wayne Ong Chun Wei,https://www.facebook.com/permalink.php?story_fbid=pfbid02a3qttwAn1jAJTgNJKPvUVVrPbCKxA7KzzHaimGjK7fhgNcqbAt3waYFUkDRkmP9Ll&id=100095001407478&__cft__[0]=AZXPNupRQJaLjCM9eCF-ZN6eI9Gm45KWhJqaIdEqKlYqx_Xr9oUf2QXlbUZMzyLDVWWq1wqzrescLBVvE-ePpstfL58PIVDybeSkDkmjkPuqelJerqcR97zAm8U5247oE0urdO7QVxnAqX4LES-w2pu03z-VsCXLeZdKdH6I2UfecPLDPq4r8YlOmMFWCKibfWs&__tn__=%2CO%2CP-R,2023-07-29 20:09:00,,N/A,N/A,"{'Like': 4000, 'Haha': 1000}"
Wayne Ong Chun Wei,https://www.facebook.com/permalink.php?story_fbid=pfbid031bAoFvPpRCJs5HHjrkp8t8zXNYix2xJDeBYFscfKRNm5mobJfdJ7XKFyJ7fEjWcWl&id=100095001407478&__cft__[0]=AZV__slMAFGQpUo4y4Ve7vOzgemTbk-kcNbFzc8PPtE6HxNUINvHCw6Q2zNAg2ZIOE3fAXkeCAHJ7xAScRGCQbbAGQTCt_b8Xl18K8QTOesFutikB_Epx2n3WJIbChI9SPPqo3ZjDfdutHfgazJ-h-E-MD6p5rbl4Mmdc8ZkG3xY47RiAGB7Fgi1Ssx_vXBEWFg&__tn__=%2CO%2CP-R,2023-07-29 17:14:00,"No 1!  Pagi tadi, saya telah selesai penamaan calon dan telah ditetapkan sebagai calon no 1 bagi DUN Balakong. Saya akan memanfaatkan 14 hari berkempen ini untuk bergerak dan mengunjungi kawasan-kawasan DUN Balakong. Saya berharap saya akan menjadi pilihan anda semua pada 12 Ogos ini. Salam hormat.
1å·ï½1å·ï½è¯·æŠ•1å·å¸Œç›Ÿæ— æ‹‰æ¸¯å·è®®å¸­å€™é€‰äººç‹ä¿Šä¼Ÿï¼
ä»Šå¤©æåå¾—åˆ°äº†1å·çš„å¹¸è¿å·ç ï¼Œæˆ‘å¸Œæœ›åœ¨æ¥ä¸‹æ¥çš„14å¤©ç«é€‰æœŸé‡Œåœ¨æ— æ‹‰æ¸¯è·‘é€é€ï¼Œå……è¶³åœ°è¯´æœé€‰æ°‘åœ¨8æœˆ12æ—¥ï¼ŒæŠ•ç»™1å·-ç‹ä¿Šä¼Ÿï¼
#MalaysiaMadani #KitaSelangor #BalakongAdaOng #N27 #Balakong #N27Balakong #PRNSelangor
",2 comments,12 shares,{'Like': 85}
Wayne Ong Chun Wei,https://www.facebook.com/permalink.php?story_fbid=pfbid02DWFcYrtvQskt7qmwi7qkeC2Fqy28rkTCkj7RgypNBSKDoRgWMyy2K9XU9bFF8VaSl&id=100095001407478&__cft__[0]=AZWzNR_PmQN-q1vvddnvoVcRS07ZsOG8X_w7jY0V_BgXOU4tv81n_DtXPrNLG5QZW3_kXjXtzusXfol8O3cCaVqtR-9Ic4jmc543wGAIPJwNE1WSRsM2fpU9DhRCZpD-RTA29VYaNW2rBefrX4RZI96Mf-DrA6xPazJfgvquJ6-HlEMZfZxZODtxv4ZpHcK1IF4&__tn__=%2CO%2CP-R,2023-07-29 13:30:00,"BalakONG ada ONG!
Dengan rendah diri, saya Wayne Ong Chun Wei memohon diberikan peluang untuk berkhidmat kepada rakyat di Balakong.
Saya mungkin muka baharu dan mempunyai usia yang agak muda tetapi telah lama saya berkhidmat kepada rakyat.
Pengalaman saya sebagai Ahli Majlis dan Setiausaha Politik YB Ng Sze Han iaitu ADUN Kinrara telah melatih saya untuk menyelesaikan masalah rakyat.
Saya akan sentiasa bersama rakyat dan berkhidmat sedaya upaya untuk Balakong.
Ini adalah komitmen saya.
Waranti 5 tahun!
æ— æ‹‰æ¸¯æ˜¯æˆ‘å®¶ï¼Œ
ä¿é›ªå·é å¤§å®¶ï¼
å—¨ï¼Œå¤§å®¶å¥½ï¼è®©æˆ‘ä»¥çœŸæŒšçš„å¿ƒæ­£å¼ä»‹ç»è‡ªå·±ã€‚
æˆ‘æ˜¯ç‹ä¿Šä¼Ÿï¼Œå¸Œç›Ÿæ— æ‹‰æ¸¯å·è®®å¸­å€™é€‰äººã€‚
æˆ‘æ˜¯ä¸ªå¹´è½»çš„æ–°äººï¼Œä½†å·²è¿‡å»10å¹´æŠ•å…¥äº†ç¤¾ä¼šæœåŠ¡å·¥ä½œï¼Œæˆ‘æ›¾æ˜¯é›ªé‚¦å¸‚è®®å‘˜ã€é›ªå·è¡Œæ”¿è®®å‘˜å…¼åŸä»»é‡‘éŠ®åŒºå·è®®å‘˜é»„æ€æ±‰ç§˜ä¹¦ï¼Œç´¯ç§¯äº†ä¸°å¯Œçš„è¡Œæ”¿å’ŒæœåŠ¡ç»éªŒã€‚
è¿™æ¬¡æˆ‘å¸¦ç€ä½¿å‘½å’Œå¸Œæœ›ï¼Œæ¥åˆ°æ— æ‹‰æ¸¯å¸Œæœ›èƒ½å’Œäººæ°‘ä¸€èµ·ï¼Œæ‰“é€ æ›´å¥½çš„æ— æ‹‰æ¸¯ï¼
#balakongadaong
",15 comments,46 shares,"{'Like': 180, 'Love': 13}"
Wayne Ong Chun Wei,https://www.facebook.com/permalink.php?story_fbid=pfbid06e5CsvPhAo7UAR6o1ed8mFy2n2N6xmxn9xN55pHF4LhVEgbvmrequNSgynUqgTYAl&id=100095001407478&__cft__[0]=AZV2yQ723BafwhzDqBLyH_KYxUDIjOa-BYnbeOoQUWwCxcCHhZ0TMPd_aOAHxzj5SV0dggUTXgaJgLjh-D2nkvIXOgRIrVb0XBNfU3U74DllOr6rOErUzNzSfFYm9_EPZPYD_LAx2lEuQhFP8diYjBwteMN_eruBQQhOKLh8PGlBBpa8BMgl4nnG5VDQzp6YPdQ&__tn__=%2CO%2CP-R,2023-07-29 11:30:00,"Dengan sokongan dan doa yang disampaikan oleh para penyokong dan teman-teman Kerajaan Perpadauan, hari ini saya berjaya dicalonkan sebagai Calon Pakatan Harapan bagi N27 Balakong. Nama saya Wayne Ong Chun Wei. Salam hormat.
åœ¨å¸Œç›Ÿæ”¯æŒé™ªåŒä¸‹ï¼Œæˆ‘-ç‹ä¿Šä¼ŸæˆåŠŸæåæˆä¸ºæ— æ‹‰æ¸¯å·è®®å¸­å€™é€‰äººï¼è™½ç„¶æœ‰å°‘è®¸ç´§å¼ ï¼Œä½†å¿ƒé‡Œæ˜¯æ»¡æ»¡çš„æ„Ÿæ©ï¼æ¥ä¸‹æ¥ï¼Œæˆ‘å°†æ­£å¼å±•å¼€ç«é€‰æ´»åŠ¨ï¼Œé€‰æ°‘ä»¬æˆ‘æ¥äº†å•¦ï¼
",9 comments,18 shares,"{'Like': 129, 'Love': 7}"
Wayne Ong Chun Wei,https://www.facebook.com/permalink.php?story_fbid=pfbid0pW9CD545T2Pe3EiGuysQnPzGp2jYs1gpwpXkwQ3MFJBR663TesbRLSqmtGL44QmJl&id=100095001407478&__cft__[0]=AZXFwfavF9iS4nxXuCQuEqTnt3_Ztql3I_S8bFBHGMefN-Bvg7Tlt9JOAkTlxlOJDaTTCJeTwpjGdZpLACP9cLAVEZFx_za6fLJlWh7HKtgSSysVfzspRt4LsrPYBBSGJVvOqa8Atc-uRcjnHuH__pqM2utL_wip4gVq49wfuIJWmeJerFAh-xdUlMg-MkgCot-wYp--3vSQ2SEy_O9c_hso&__tn__=%2CO%2CP-R,2023-07-29 09:54:00,"Thank you to everyone who came out, supported me at the Candidate Naming Session today.
I am touched to see so many people here.
To all people in Balakong, don't forget to go down and vote this August 12!
Balakong has an ONG!
#MalaysiaMadani #KitaSelangor #BalakongAdaOng #N27 #Balakong #N27Balakong #PRNSelangor
Penamaan Calon Harapan DUN Balakong dan DUN Sg Ramal, Selangor.
#KitaSelangor
",5 shares,N/A,{'Like': 49}
Wayne Ong Chun Wei,https://www.facebook.com/permalink.php?story_fbid=pfbid02mPBPS2ZMi5xRQCuiAinQtWSFnXiFC26DGzxrQbRxsNJLPyBqH1xw79EtRbkqjtkul&id=100095001407478&__cft__[0]=AZVocWFFQ5gv4rfQg-_sR6bYrPJ1slC2rNzKdf7FVbn5KHYpd5FdO9rDMsBWe1rwhUgqvKl8YdVK_M0QsJpklHRSC8EPdP7Vz5byhQbCrLYPqogN-HtXeAk8r2EwogL1YbN-zCJnpxQZaat9MdJOkKkNRDyd8C4FtpfYkahOsDg0bJgX1RKpdjfjPCVyhpOWpMI&__tn__=%2CO%2CP-R,2023-07-29 00:26:00,"Salam sejahtera. Salam perkenalan.
Saya, Wayne Ong Chun Wei, merupakan calon Harapan anda bagi Pilihan Raya Negeri (PRN) Selangor, N27 Balakong
Berikut merupakan jadual saya sepanjang Hari Penamaan Calon. Jumpa anda di sana
#MalaysiaMadani #KitaSelangor #BalakongAdaOng #N27 #Balakong #N27Balakong #PRNSelangor
",6 comments,13 shares,{'Like': 79}
Wayne Ong Chun Wei,https://www.facebook.com/permalink.php?story_fbid=pfbid0yyo9s6dmwDyBX5QyQb62Dny2PB2YSYFSwER8jvN5wrCx1CBAAWyxiqg7XeeSGZktl&id=100095001407478&__cft__[0]=AZWUVXGb0bbCi07NcodhdF4VZlW3L2GLMJFqHUsgOyzgHWo1b1G55UQ6XGg2Ie-hHh_XppEPNFZHKd0gnNwu35xjfgbEi0T4JeMYwMGV_GEjhBgMduUWm8XWoTGUGVsV76i8vk14I3IH6i_bvhLCNVGIT5kBsZnjHTMHurwCtnFeHJJ9ozLOpmIQ3dFGNaFRj6I&__tn__=%2CO%2CP-R,2023-07-28 20:50:00,"Let's come in numbers to the Launching Ceremony of the Movement Room N27 Balakong tomorrow night.
",3 comments,9 shares,{'Like': 48}
Wayne Ong Chun Wei,https://www.facebook.com/permalink.php?story_fbid=pfbid02KVKdfhoaw4eTPCXSdT9ZXWoAouPvzFYMHmZgKaeYkXh2QSQSWuDERSkrCbYAYRBKl&id=100095001407478&__cft__[0]=AZWP7Rqjir3MRFnkRknzxxoznNeMw6G8jhXxBT-SDcwJaSjPwcG7_e_xGlARLS08D5Aef8Jy7AGJbDFLRMmYZGQNXlHm50lvlsfgNdVeBBWlKy2_xYNGsrKgd7ZUuFfS_L89s2u_ZJK8v1gwQQZfp4Jdcoui1HonmyKKhAdsPGJQOFognfnxAb3smK8afvNRXD4&__tn__=%2CO%2CP-R,2023-07-28 19:00:00,,N/A,N/A,"{'Like': 8100, 'Love': 4, 'Haha': 4600}"
Wayne Ong Chun Wei,https://www.facebook.com/permalink.php?story_fbid=pfbid0zR8gg7jVKGKmgGaEgTNTr2Kb6zcASsiJF3P6LNePqx3YiEp2mw3UFubnyo8AgLMhl&id=100095001407478&__cft__[0]=AZUfA4T_gptf0f9UXyj04J29WlYlP2a4SIXyC1zor3iUULqZXG4ks2Fot-ETG_JvJ_na9aJmxjBtMB6EoMHngU0YQLKdY4VgDTda479PuGj_2wxMuvFLuh1ye-MCcP49ARNgFARsshwiMTTspulfRcsFqQnsMBPrjnsN9b3RoAaYCDBlWGrLo11c4YopNPBaKjU&__tn__=%2CO%2CP-R,2023-07-28 17:15:00,"Jom. Jumpa di Pejabat Daerah dan Tanah Hulu Langat untuk Hari Penamaan bersama bakal calon Pakatan Harapan N27 DUN Balakong, Wayne Ong Chun Wei.
",9 comments,8 shares,{'Like': 84}
Wayne Ong Chun Wei,https://www.facebook.com/permalink.php?story_fbid=pfbid02uHkcPo3v6XjsokmYMAVfrL9H8ie2cphQRYGnMCQ9c3ryGYrJxH9aGujgYj4ubN7Ql&id=100095001407478&__cft__[0]=AZXFCgcSYDkl44HpuhmjUbQlcncDpPG7TSooeYpIMJFPmWIQp7-EulIyMswM4ivSniS1fUdtHjxbjRBzwx_levI3hf4YsYf8MTKUCpumQcNRmvPFTT3NZMfxmtmgKIo7IzeIGlmZn33Sv7c3_VAKll11ObXiS7GJ8m_Cr8ZMQSx6rCTgENa-MnGLTOaRlZWsX2U&__tn__=%2CO%2CP-R,2023-07-28 00:13:00,"è•‰èµ–11é‡Œæ–°æ‘æˆ‘å¸¸å»ï¼Œä½†è¿™æ¬¡å»æ„Ÿè§‰å¾ˆä¸åŒã€‚
ä»¥å‰å› ä¸ºæ–°æ‘äº‹åŠ¡ï¼Œè§æ‘é•¿æ‘å§”ï¼ŒååŠ©å¤„ç†å’Œè§£å†³é—®é¢˜ï¼›è¿™æ¬¡è¢«æ‘é•¿å¸¦å»å±…æ°‘ä¼‘é—²èŠå¤©çš„åœ°æ–¹ï¼Œä»‹ç»æˆ‘ç»™å¤§å®¶è®¤è¯†ï¼Œè™½ç„¶é€—ç•™ä¸ä¹…ï¼Œä½†èŠå¾—å¾ˆå¼€å¿ƒï¼
",8 comments,13 shares,{'Like': 90}
Wayne Ong Chun Wei,https://www.facebook.com/permalink.php?story_fbid=pfbid02HjYCL42jXmS2uzAwcH9YA3EnWeJTEba1fESx16NLeWZsaQXTRmFotCRBy3eBy6ail&id=100095001407478&__cft__[0]=AZUfiDFW3A_f94ee5YECe8Z_UOK8KK7MJUDJrJmWEzZ3TyEyD0Zo3wXXOexRDElb3zSzmPvQA99_WJQrLV33elVnvvXXQo_XEAHIaIBWdjD5Noq1AYJs9hBwZOy17QdHXMNerY6Nn_oJktmAXBmIpD9DFHTYV-dtf8mpnRkKDK-qbCedxZR6xImOpeBNL5Fiu5Y&__tn__=%2CO%2CP-R,2023-07-26 22:48:00,"Sekitar penyediaan pembukaan Bilik Gerakan Utama Pilihan Raya DUN Balakong Pakatan Harapan. Berganding bahu, demi Balakongku.
ç«é€‰è¡ŒåŠ¨å®¤æœ‰è½è„šå¤„å’¯ï¼
ç­‰æˆ‘ä»¬è®¾ç½®å¥½è£…å¤‡ï¼Œå¸ƒç½®å¥½ç©ºé—´ï¼Œå°±ä¼šæ­£å¼â€œå¼€å¼ â€ï¼ï¼ˆåˆ°æ—¶å€™å†ç»™å¤§å®¶locationï¼‰
",1 comment,4 shares,"{'Like': 55, 'Love': 5}"
Wayne Ong Chun Wei,https://www.facebook.com/permalink.php?story_fbid=pfbid0yRFZnhiwHFNLoNcuTndru1Wxbgp2g18JAGP7nD27P8fhbiasxiG8W8h8KsmbDh2ml&id=100095001407478&__cft__[0]=AZWN8Q3KJx4su_K8kCY-69L9fdYeab77QuYI-Rxz9kyPZKOxnQ1i-lMot-BACts0eDpzJ-uUA1ielzYkSItAyUkIB-fvQ8p_WnVb1hzK1iLYosoxhOPaAgaWSuIZYheCg4yFYC-zcifLrOUxrLLW4gWwW0LaKiz8_0cMpH-fKsh_6JvmknhjnhjcYgA-sl4YD70&__tn__=%2CO%2CP-R,2023-07-26 10:44:00,"å„ä½å‰è¾ˆã€åŒå¿—ï¼Œä½ ä»¬å¥½ï¼Œæˆ‘æ˜¯ç‹ä¿Šä¼Ÿï¼
æ˜¨å¤©åœ¨æ— æ‹‰æ¸¯è¡ŒåŠ¨å…šæ”¯éƒ¨äº¤æµæ™šå®´ä¸Šï¼Œæˆ‘æ˜¯è¿™ä¹ˆä»‹ç»è‡ªå·±çš„ã€‚
æˆ‘æ˜¯æ–°äººï¼Œå¸Œæœ›ä»Šåå¯ä»¥èå…¥å¤§å®¶ï¼Œå’Œå¤§å®¶ä¸€èµ·å¹¶è‚©ä½œæˆ˜ï¼Œæå«è¡ŒåŠ¨å…šåœ¨æ— æ‹‰æ¸¯çš„è®®å¸­ï¼æˆ‘ä»¬ä¸€èµ·åŠ æ²¹åŠªåŠ›ï¼ï¼
Sekitar sesi suai kenal bersama ahli-ahli DAP tempatan. Saya rasa gembira dan terharu dengan sambutan mesra daripada rakan-rakan seperjuangan saya. Hi Balakong, saya Wayne Ong Chun Wei. Selamat berkenalan.
",7 comments,11 shares,"{'Like': 97, 'Love': 10}"
Wayne Ong Chun Wei,https://www.facebook.com/permalink.php?story_fbid=pfbid033cF54R7KUBJYrfY7mr1FfJX1Gd2pPPBbVQFXN178SXAUKHn8rRVEHw6hfrJr1qmnl&id=100095001407478&__cft__[0]=AZWNSHggIdRXeawSTDV97Bbb_sSflbeWkq1ztJdUY05Uhfw6EnrFsYj-43b5GIN5yG1fvdHHefnQDzLqkJxI9y7BnWWRuIHZaCRVhi6R3DhA902vNOG7wk9zvslGnEcuYOFwtYwFCuBmFlYSg6rYDQm_euc3V7tdW7uvUn5Rwsv1k56s0m1m4FzoQlcgJPS_FlQ&__tn__=%2CO%2CP-R,2023-07-25 16:46:00,"I am happy and blessed to be given the opportunity to participate in the Selangor State Election as a prospective candidate for Balakong Municipal Council.
This is an important platform for me as a youth to bring the voice of the youth and build political thinking for the youth who are also an important aspect in the context of the development of the country.
I will utilize my experience as Councillor, Senior Secretary to Exco Selangor to serve the community of DUN Balakong.
Greetings Balakong, I'm Wayne Ong Chun Wei
When I learned that I had been nominated by the party as the candidate of the Port of nola, I was very happy As a young man, my experience as a confidential secretary next to the city council and Selangor Executive Councillor Huang Sihan is deeply imprinted in my heart.
DAP has given me this precious opportunity to feel their value and trust in young people. My role as the leader of the Xuezhou Social Youth League has made me feel more deeply about the power and responsibility of youth.
This nomination is not only a recognition of my personal abilities, but also a support for my strong convictions.
Now I want to say, #hellono port !
",50 comments,36 shares,"{'Like': 181, 'Love': 10}"
Wayne Ong Chun Wei,https://www.facebook.com/permalink.php?story_fbid=110361908807189&id=100095001407478&substory_index=286887543921221&__cft__[0]=AZWy2lk0i1xnl3zxo9N9YyIvtAUjzzkw0c9LIVmJ9NkUZnQiSUDKqdW9lvsrfKQE_YHzYnIx5gc4FBif3c1uhRlM9Nw1jAEGvYJMAin5QSvlTqi1N30Mo7Tae8Kmi8DkHklWm4i6mCRYTJmTTOtxfCMNXNiU55ZJta0TIkl6neqQzm52EIT9ZxEwQ2GHCWw_ejM&__tn__=%2CO%2CP-R,2023-07-25 16:23:00,,12 comments,1 share,{'Like': 151}
Wayne Ong Chun Wei,https://www.facebook.com/permalink.php?story_fbid=583216040673219&id=100095001407478&substory_index=583216040673219&__cft__[0]=AZWDOSa_SvoCEdiLf7MyxBa-umQyQG6AyyO_U9HLIHGmHESFJgVVv1n_VBg9lMCCi-eA4TVxzoDIEaiZl8VzbVjcrx6YyzwQZW6n0YA349q0Pn8iRvsjiqw9bUYpJQlAC1z3zZDmaqz7KCKl2oKgHTEzVw9ULvuxTNh6ymvNikZgF3BzsTDjR3In_l6eHOqzfb8&__tn__=%2CO%2CP-R,2023-07-25 15:34:00,,1 comment,1 share,"{'Like': 58, 'Love': 4}"
